engine,state,task,granularity,level,metric,seed,value
hgi,alabama,cat,poi,L0,n_eval,-1,11848.0
hgi,alabama,cat,poi,L0,label_coverage,-1,1.0
hgi,alabama,cat,poi,L0,knn10_acc,0,0.8181434599156118
hgi,alabama,cat,poi,L0,knn10_macro_f1,0,0.8088233319952971
hgi,alabama,cat,poi,L0,silhouette,0,-0.010436749085783958
hgi,alabama,cat,poi,L0,cohesion,0,0.41359174251556396
hgi,alabama,cat,poi,L0,centroid_inter_sim,0,0.5296586155891418
hgi,alabama,cat,poi,L0,sep_ratio,0,0.7808647501287671
hgi,alabama,cat,poi,L1,accuracy,0,0.7202531695365906
hgi,alabama,cat,poi,L1,accuracy_macro,0,0.6801431179046631
hgi,alabama,cat,poi,L1,f1,0,0.6910478472709656
hgi,alabama,cat,poi,L1,f1_weighted,0,0.7189903259277344
hgi,alabama,cat,poi,L1,mrr,0,0.8361382484436035
hgi,alabama,cat,poi,L1,top3_acc,0,0.9531645774841309
hgi,alabama,cat,poi,L1,ndcg_3,0,0.8590276837348938
hgi,alabama,cat,poi,L1,top5_acc,0,0.9873417615890503
hgi,alabama,cat,poi,L1,ndcg_5,0,0.8731368184089661
hgi,alabama,cat,poi,L1,train_acc,0,0.7440416812896729
hgi,alabama,cat,poi,L1,test_class_coverage,0,1.0
hgi,alabama,cat,poi,L0,knn10_acc,1,0.830379746835443
hgi,alabama,cat,poi,L0,knn10_macro_f1,1,0.8183918977290289
hgi,alabama,cat,poi,L0,silhouette,1,-0.0020765881054103374
hgi,alabama,cat,poi,L0,cohesion,1,0.4203522503376007
hgi,alabama,cat,poi,L0,centroid_inter_sim,1,0.5293692350387573
hgi,alabama,cat,poi,L0,sep_ratio,1,0.7940624851514557
hgi,alabama,cat,poi,L1,accuracy,1,0.7409282922744751
hgi,alabama,cat,poi,L1,accuracy_macro,1,0.6792606115341187
hgi,alabama,cat,poi,L1,f1,1,0.6970407366752625
hgi,alabama,cat,poi,L1,f1_weighted,1,0.7390397787094116
hgi,alabama,cat,poi,L1,mrr,1,0.8505123853683472
hgi,alabama,cat,poi,L1,top3_acc,1,0.9573839902877808
hgi,alabama,cat,poi,L1,ndcg_3,1,0.8711435198783875
hgi,alabama,cat,poi,L1,top5_acc,1,0.9924050569534302
hgi,alabama,cat,poi,L1,ndcg_5,1,0.8857640027999878
hgi,alabama,cat,poi,L1,train_acc,1,0.7367179989814758
hgi,alabama,cat,poi,L1,test_class_coverage,1,1.0
hgi,alabama,cat,poi,L0,knn10_acc,2,0.829535864978903
hgi,alabama,cat,poi,L0,knn10_macro_f1,2,0.8072757065365315
hgi,alabama,cat,poi,L0,silhouette,2,-0.011065752245485783
hgi,alabama,cat,poi,L0,cohesion,2,0.41562026739120483
hgi,alabama,cat,poi,L0,centroid_inter_sim,2,0.5327569842338562
hgi,alabama,cat,poi,L0,sep_ratio,2,0.7801310535401003
hgi,alabama,cat,poi,L1,accuracy,2,0.7278481125831604
hgi,alabama,cat,poi,L1,accuracy_macro,2,0.6646919250488281
hgi,alabama,cat,poi,L1,f1,2,0.6788854598999023
hgi,alabama,cat,poi,L1,f1_weighted,2,0.7255528569221497
hgi,alabama,cat,poi,L1,mrr,2,0.8425929546356201
hgi,alabama,cat,poi,L1,top3_acc,2,0.9573839902877808
hgi,alabama,cat,poi,L1,ndcg_3,2,0.8654873967170715
hgi,alabama,cat,poi,L1,top5_acc,2,0.9898734092712402
hgi,alabama,cat,poi,L1,ndcg_5,2,0.878961980342865
hgi,alabama,cat,poi,L1,train_acc,2,0.7449105978012085
hgi,alabama,cat,poi,L1,test_class_coverage,2,1.0
hgi,alabama,cat,poi,L0,knn10_acc,3,0.8201772899957788
hgi,alabama,cat,poi,L0,knn10_macro_f1,3,0.7997584642570982
hgi,alabama,cat,poi,L0,silhouette,3,-0.0068979389034211636
hgi,alabama,cat,poi,L0,cohesion,3,0.420068621635437
hgi,alabama,cat,poi,L0,centroid_inter_sim,3,0.5165289640426636
hgi,alabama,cat,poi,L0,sep_ratio,3,0.8132527909910987
hgi,alabama,cat,poi,L1,accuracy,3,0.7302659153938293
hgi,alabama,cat,poi,L1,accuracy_macro,3,0.6741163730621338
hgi,alabama,cat,poi,L1,f1,3,0.6914606094360352
hgi,alabama,cat,poi,L1,f1_weighted,3,0.7279473543167114
hgi,alabama,cat,poi,L1,mrr,3,0.8433787822723389
hgi,alabama,cat,poi,L1,top3_acc,3,0.9582102298736572
hgi,alabama,cat,poi,L1,ndcg_3,3,0.8664557933807373
hgi,alabama,cat,poi,L1,top5_acc,3,0.9890249371528625
hgi,alabama,cat,poi,L1,ndcg_5,3,0.8791719675064087
hgi,alabama,cat,poi,L1,train_acc,3,0.7403500080108643
hgi,alabama,cat,poi,L1,test_class_coverage,3,1.0
hgi,alabama,cat,poi,L0,knn10_acc,4,0.8332629801604052
hgi,alabama,cat,poi,L0,knn10_macro_f1,4,0.8152166619200234
hgi,alabama,cat,poi,L0,silhouette,4,-0.0069837309420108795
hgi,alabama,cat,poi,L0,cohesion,4,0.4175783693790436
hgi,alabama,cat,poi,L0,centroid_inter_sim,4,0.543331503868103
hgi,alabama,cat,poi,L0,sep_ratio,4,0.7685517338976413
hgi,alabama,cat,poi,L1,accuracy,4,0.7222456932067871
hgi,alabama,cat,poi,L1,accuracy_macro,4,0.6384954452514648
hgi,alabama,cat,poi,L1,f1,4,0.6582885384559631
hgi,alabama,cat,poi,L1,f1_weighted,4,0.7181295156478882
hgi,alabama,cat,poi,L1,mrr,4,0.8379988074302673
hgi,alabama,cat,poi,L1,top3_acc,4,0.9531447887420654
hgi,alabama,cat,poi,L1,ndcg_3,4,0.8604103326797485
hgi,alabama,cat,poi,L1,top5_acc,4,0.9873364567756653
hgi,alabama,cat,poi,L1,ndcg_5,4,0.8745254278182983
hgi,alabama,cat,poi,L1,train_acc,4,0.7403500080108643
hgi,alabama,cat,poi,L1,test_class_coverage,4,1.0
hgi,arizona,cat,poi,L0,n_eval,-1,20666.0
hgi,arizona,cat,poi,L0,label_coverage,-1,1.0
hgi,arizona,cat,poi,L0,knn10_acc,0,0.7542331881954524
hgi,arizona,cat,poi,L0,knn10_macro_f1,0,0.7337338075641703
hgi,arizona,cat,poi,L0,silhouette,0,8.798106864560395e-05
hgi,arizona,cat,poi,L0,cohesion,0,0.3151043653488159
hgi,arizona,cat,poi,L0,centroid_inter_sim,0,0.3414022922515869
hgi,arizona,cat,poi,L0,sep_ratio,0,0.9229708543275056
hgi,arizona,cat,poi,L1,accuracy,0,0.6727140545845032
hgi,arizona,cat,poi,L1,accuracy_macro,0,0.6003735065460205
hgi,arizona,cat,poi,L1,f1,0,0.6208791136741638
hgi,arizona,cat,poi,L1,f1_weighted,0,0.6700105667114258
hgi,arizona,cat,poi,L1,mrr,0,0.8083874583244324
hgi,arizona,cat,poi,L1,top3_acc,0,0.9404934644699097
hgi,arizona,cat,poi,L1,ndcg_3,0,0.8328593969345093
hgi,arizona,cat,poi,L1,top5_acc,0,0.9903241395950317
hgi,arizona,cat,poi,L1,ndcg_5,0,0.8534404635429382
hgi,arizona,cat,poi,L1,train_acc,0,0.6962710022926331
hgi,arizona,cat,poi,L1,test_class_coverage,0,1.0
hgi,arizona,cat,poi,L0,knn10_acc,1,0.7686910234696347
hgi,arizona,cat,poi,L0,knn10_macro_f1,1,0.7429935740323284
hgi,arizona,cat,poi,L0,silhouette,1,-0.0003530491376295686
hgi,arizona,cat,poi,L0,cohesion,1,0.3189122974872589
hgi,arizona,cat,poi,L0,centroid_inter_sim,1,0.3299129009246826
hgi,arizona,cat,poi,L0,sep_ratio,1,0.9666560373765587
hgi,arizona,cat,poi,L1,accuracy,1,0.6847326159477234
hgi,arizona,cat,poi,L1,accuracy_macro,1,0.6131361722946167
hgi,arizona,cat,poi,L1,f1,1,0.6354702711105347
hgi,arizona,cat,poi,L1,f1_weighted,1,0.6820297241210938
hgi,arizona,cat,poi,L1,mrr,1,0.8169345855712891
hgi,arizona,cat,poi,L1,top3_acc,1,0.9455601572990417
hgi,arizona,cat,poi,L1,ndcg_3,1,0.8413450121879578
hgi,arizona,cat,poi,L1,top5_acc,1,0.9893540143966675
hgi,arizona,cat,poi,L1,ndcg_5,1,0.859559178352356
hgi,arizona,cat,poi,L1,train_acc,1,0.6958656907081604
hgi,arizona,cat,poi,L1,test_class_coverage,1,1.0
hgi,arizona,cat,poi,L0,knn10_acc,2,0.7749818533752721
hgi,arizona,cat,poi,L0,knn10_macro_f1,2,0.7515655423800529
hgi,arizona,cat,poi,L0,silhouette,2,0.0025696975644677877
hgi,arizona,cat,poi,L0,cohesion,2,0.3176132142543793
hgi,arizona,cat,poi,L0,centroid_inter_sim,2,0.32792600989341736
hgi,arizona,cat,poi,L0,sep_ratio,2,0.9685514557311573
hgi,arizona,cat,poi,L1,accuracy,2,0.6968303918838501
hgi,arizona,cat,poi,L1,accuracy_macro,2,0.6199601888656616
hgi,arizona,cat,poi,L1,f1,2,0.6412646770477295
hgi,arizona,cat,poi,L1,f1_weighted,2,0.6945053339004517
hgi,arizona,cat,poi,L1,mrr,2,0.8235324621200562
hgi,arizona,cat,poi,L1,top3_acc,2,0.9484636187553406
hgi,arizona,cat,poi,L1,ndcg_3,2,0.8473249673843384
hgi,arizona,cat,poi,L1,top5_acc,2,0.9920154809951782
hgi,arizona,cat,poi,L1,ndcg_5,2,0.8654138445854187
hgi,arizona,cat,poi,L1,train_acc,2,0.6895325183868408
hgi,arizona,cat,poi,L1,test_class_coverage,2,1.0
hgi,arizona,cat,poi,L0,knn10_acc,3,0.7783692233244617
hgi,arizona,cat,poi,L0,knn10_macro_f1,3,0.7601476136038176
hgi,arizona,cat,poi,L0,silhouette,3,0.00011273688869550824
hgi,arizona,cat,poi,L0,cohesion,3,0.3187199532985687
hgi,arizona,cat,poi,L0,centroid_inter_sim,3,0.32261696457862854
hgi,arizona,cat,poi,L0,sep_ratio,3,0.9879206250509804
hgi,arizona,cat,poi,L1,accuracy,3,0.6890878081321716
hgi,arizona,cat,poi,L1,accuracy_macro,3,0.6216977834701538
hgi,arizona,cat,poi,L1,f1,3,0.6389134526252747
hgi,arizona,cat,poi,L1,f1_weighted,3,0.6872884035110474
hgi,arizona,cat,poi,L1,mrr,3,0.819503903388977
hgi,arizona,cat,poi,L1,top3_acc,3,0.9465279579162598
hgi,arizona,cat,poi,L1,ndcg_3,3,0.8434680104255676
hgi,arizona,cat,poi,L1,top5_acc,3,0.9908057451248169
hgi,arizona,cat,poi,L1,ndcg_5,3,0.861996591091156
hgi,arizona,cat,poi,L1,train_acc,3,0.6918095946311951
hgi,arizona,cat,poi,L1,test_class_coverage,3,1.0
hgi,arizona,cat,poi,L0,knn10_acc,4,0.7829663682555045
hgi,arizona,cat,poi,L0,knn10_macro_f1,4,0.7718359839106409
hgi,arizona,cat,poi,L0,silhouette,4,-0.00023841120128054172
hgi,arizona,cat,poi,L0,cohesion,4,0.3188023567199707
hgi,arizona,cat,poi,L0,centroid_inter_sim,4,0.31461888551712036
hgi,arizona,cat,poi,L0,sep_ratio,4,1.013296948770174
hgi,arizona,cat,poi,L1,accuracy,4,0.6898136734962463
hgi,arizona,cat,poi,L1,accuracy_macro,4,0.6289549469947815
hgi,arizona,cat,poi,L1,f1,4,0.6437808275222778
hgi,arizona,cat,poi,L1,f1_weighted,4,0.6881910562515259
hgi,arizona,cat,poi,L1,mrr,4,0.8193789124488831
hgi,arizona,cat,poi,L1,top3_acc,4,0.9494314193725586
hgi,arizona,cat,poi,L1,ndcg_3,4,0.8446174263954163
hgi,arizona,cat,poi,L1,top5_acc,4,0.9917735457420349
hgi,arizona,cat,poi,L1,ndcg_5,4,0.8622381687164307
hgi,arizona,cat,poi,L1,train_acc,4,0.6955098509788513
hgi,arizona,cat,poi,L1,test_class_coverage,4,1.0
hgi,florida,cat,poi,L0,n_eval,-1,40000.0
hgi,florida,cat,poi,L0,label_coverage,-1,1.0
hgi,florida,cat,poi,L0,knn10_acc,0,0.769625
hgi,florida,cat,poi,L0,knn10_macro_f1,0,0.7492173578912728
hgi,florida,cat,poi,L0,silhouette,0,0.0019093743758276105
hgi,florida,cat,poi,L0,cohesion,0,0.3322215974330902
hgi,florida,cat,poi,L0,centroid_inter_sim,0,0.2204832285642624
hgi,florida,cat,poi,L0,sep_ratio,0,1.506788519001845
hgi,florida,cat,poi,L1,accuracy,0,0.6792500019073486
hgi,florida,cat,poi,L1,accuracy_macro,0,0.6140638589859009
hgi,florida,cat,poi,L1,f1,0,0.6334459781646729
hgi,florida,cat,poi,L1,f1_weighted,0,0.6762253642082214
hgi,florida,cat,poi,L1,mrr,0,0.8111289739608765
hgi,florida,cat,poi,L1,top3_acc,0,0.9375000596046448
hgi,florida,cat,poi,L1,ndcg_3,0,0.8335626721382141
hgi,florida,cat,poi,L1,top5_acc,0,0.9881250262260437
hgi,florida,cat,poi,L1,ndcg_5,0,0.8546425700187683
hgi,florida,cat,poi,L1,train_acc,0,0.6865073442459106
hgi,florida,cat,poi,L1,test_class_coverage,0,1.0
hgi,florida,cat,poi,L0,knn10_acc,1,0.753625
hgi,florida,cat,poi,L0,knn10_macro_f1,1,0.7276372787809376
hgi,florida,cat,poi,L0,silhouette,1,0.0007432626443915069
hgi,florida,cat,poi,L0,cohesion,1,0.3337617814540863
hgi,florida,cat,poi,L0,centroid_inter_sim,1,0.2323860377073288
hgi,florida,cat,poi,L0,sep_ratio,1,1.4362385311394308
hgi,florida,cat,poi,L1,accuracy,1,0.668874979019165
hgi,florida,cat,poi,L1,accuracy_macro,1,0.6049503684043884
hgi,florida,cat,poi,L1,f1,1,0.6202367544174194
hgi,florida,cat,poi,L1,f1_weighted,1,0.6660230755805969
hgi,florida,cat,poi,L1,mrr,1,0.8054664134979248
hgi,florida,cat,poi,L1,top3_acc,1,0.9361250400543213
hgi,florida,cat,poi,L1,ndcg_3,1,0.8288005590438843
hgi,florida,cat,poi,L1,top5_acc,1,0.9881250262260437
hgi,florida,cat,poi,L1,ndcg_5,1,0.8504123687744141
hgi,florida,cat,poi,L1,train_acc,1,0.685404360294342
hgi,florida,cat,poi,L1,test_class_coverage,1,1.0
hgi,florida,cat,poi,L0,knn10_acc,2,0.775875
hgi,florida,cat,poi,L0,knn10_macro_f1,2,0.7589213476231008
hgi,florida,cat,poi,L0,silhouette,2,0.0045282961800694466
hgi,florida,cat,poi,L0,cohesion,2,0.3343223035335541
hgi,florida,cat,poi,L0,centroid_inter_sim,2,0.22077378630638123
hgi,florida,cat,poi,L0,sep_ratio,2,1.5143206497785686
hgi,florida,cat,poi,L1,accuracy,2,0.6899999976158142
hgi,florida,cat,poi,L1,accuracy_macro,2,0.6293048858642578
hgi,florida,cat,poi,L1,f1,2,0.648266077041626
hgi,florida,cat,poi,L1,f1_weighted,2,0.6876347064971924
hgi,florida,cat,poi,L1,mrr,2,0.818105161190033
hgi,florida,cat,poi,L1,top3_acc,2,0.9423750638961792
hgi,florida,cat,poi,L1,ndcg_3,2,0.8409005403518677
hgi,florida,cat,poi,L1,top5_acc,2,0.9886250495910645
hgi,florida,cat,poi,L1,ndcg_5,2,0.8600687980651855
hgi,florida,cat,poi,L1,train_acc,2,0.6809191107749939
hgi,florida,cat,poi,L1,test_class_coverage,2,1.0
hgi,florida,cat,poi,L0,knn10_acc,3,0.761125
hgi,florida,cat,poi,L0,knn10_macro_f1,3,0.7401999625487424
hgi,florida,cat,poi,L0,silhouette,3,0.002298943931236863
hgi,florida,cat,poi,L0,cohesion,3,0.33627453446388245
hgi,florida,cat,poi,L0,centroid_inter_sim,3,0.22051602602005005
hgi,florida,cat,poi,L0,sep_ratio,3,1.5249437446025227
hgi,florida,cat,poi,L1,accuracy,3,0.6758750081062317
hgi,florida,cat,poi,L1,accuracy_macro,3,0.614179790019989
hgi,florida,cat,poi,L1,f1,3,0.6323553323745728
hgi,florida,cat,poi,L1,f1_weighted,3,0.6732405424118042
hgi,florida,cat,poi,L1,mrr,3,0.8095762133598328
hgi,florida,cat,poi,L1,top3_acc,3,0.9377500414848328
hgi,florida,cat,poi,L1,ndcg_3,3,0.8326221108436584
hgi,florida,cat,poi,L1,top5_acc,3,0.9878750443458557
hgi,florida,cat,poi,L1,ndcg_5,3,0.8533934950828552
hgi,florida,cat,poi,L1,train_acc,3,0.6830146908760071
hgi,florida,cat,poi,L1,test_class_coverage,3,1.0
hgi,florida,cat,poi,L0,knn10_acc,4,0.765625
hgi,florida,cat,poi,L0,knn10_macro_f1,4,0.7437078089326974
hgi,florida,cat,poi,L0,silhouette,4,0.0031921041663736105
hgi,florida,cat,poi,L0,cohesion,4,0.3368789255619049
hgi,florida,cat,poi,L0,centroid_inter_sim,4,0.20974311232566833
hgi,florida,cat,poi,L0,sep_ratio,4,1.6061501225309973
hgi,florida,cat,poi,L1,accuracy,4,0.6828749775886536
hgi,florida,cat,poi,L1,accuracy_macro,4,0.6203148365020752
hgi,florida,cat,poi,L1,f1,4,0.6397777795791626
hgi,florida,cat,poi,L1,f1_weighted,4,0.6803336143493652
hgi,florida,cat,poi,L1,mrr,4,0.8142869472503662
hgi,florida,cat,poi,L1,top3_acc,4,0.9438750743865967
hgi,florida,cat,poi,L1,ndcg_3,4,0.8385626673698425
hgi,florida,cat,poi,L1,top5_acc,4,0.9908750653266907
hgi,florida,cat,poi,L1,ndcg_5,4,0.8580594062805176
hgi,florida,cat,poi,L1,train_acc,4,0.684374988079071
hgi,florida,cat,poi,L1,test_class_coverage,4,1.0
hgi,california,cat,poi,L0,n_eval,-1,40000.0
hgi,california,cat,poi,L0,label_coverage,-1,1.0
hgi,california,cat,poi,L0,knn10_acc,0,0.738125
hgi,california,cat,poi,L0,knn10_macro_f1,0,0.7112483145832583
hgi,california,cat,poi,L0,silhouette,0,0.006035377271473408
hgi,california,cat,poi,L0,cohesion,0,0.3640592694282532
hgi,california,cat,poi,L0,centroid_inter_sim,0,0.23386886715888977
hgi,california,cat,poi,L0,sep_ratio,0,1.5566812028080355
hgi,california,cat,poi,L1,accuracy,0,0.6767500042915344
hgi,california,cat,poi,L1,accuracy_macro,0,0.5955071449279785
hgi,california,cat,poi,L1,f1,0,0.6112722754478455
hgi,california,cat,poi,L1,f1_weighted,0,0.6730542182922363
hgi,california,cat,poi,L1,mrr,0,0.8099815845489502
hgi,california,cat,poi,L1,top3_acc,0,0.9407500624656677
hgi,california,cat,poi,L1,ndcg_3,0,0.8341504335403442
hgi,california,cat,poi,L1,top5_acc,0,0.9881250262260437
hgi,california,cat,poi,L1,ndcg_5,0,0.8538032174110413
hgi,california,cat,poi,L1,train_acc,0,0.6806985139846802
hgi,california,cat,poi,L1,test_class_coverage,0,1.0
hgi,california,cat,poi,L0,knn10_acc,1,0.725625
hgi,california,cat,poi,L0,knn10_macro_f1,1,0.6999183640682106
hgi,california,cat,poi,L0,silhouette,1,0.0020414742175489664
hgi,california,cat,poi,L0,cohesion,1,0.35973817110061646
hgi,california,cat,poi,L0,centroid_inter_sim,1,0.2378280907869339
hgi,california,cat,poi,L0,sep_ratio,1,1.5125974812744039
hgi,california,cat,poi,L1,accuracy,1,0.6683750152587891
hgi,california,cat,poi,L1,accuracy_macro,1,0.5901683568954468
hgi,california,cat,poi,L1,f1,1,0.6096818447113037
hgi,california,cat,poi,L1,f1_weighted,1,0.6653587818145752
hgi,california,cat,poi,L1,mrr,1,0.8060110211372375
hgi,california,cat,poi,L1,top3_acc,1,0.9420000314712524
hgi,california,cat,poi,L1,ndcg_3,1,0.8317171931266785
hgi,california,cat,poi,L1,top5_acc,1,0.9883750677108765
hgi,california,cat,poi,L1,ndcg_5,1,0.8509886264801025
hgi,california,cat,poi,L1,train_acc,1,0.6843382120132446
hgi,california,cat,poi,L1,test_class_coverage,1,1.0
hgi,california,cat,poi,L0,knn10_acc,2,0.73475
hgi,california,cat,poi,L0,knn10_macro_f1,2,0.7110226557589081
hgi,california,cat,poi,L0,silhouette,2,0.006018997635692358
hgi,california,cat,poi,L0,cohesion,2,0.3658018112182617
hgi,california,cat,poi,L0,centroid_inter_sim,2,0.22569088637828827
hgi,california,cat,poi,L0,sep_ratio,2,1.6208089617102601
hgi,california,cat,poi,L1,accuracy,2,0.6778749823570251
hgi,california,cat,poi,L1,accuracy_macro,2,0.603174090385437
hgi,california,cat,poi,L1,f1,2,0.6254616975784302
hgi,california,cat,poi,L1,f1_weighted,2,0.674289882183075
hgi,california,cat,poi,L1,mrr,2,0.8123425841331482
hgi,california,cat,poi,L1,top3_acc,2,0.9452500343322754
hgi,california,cat,poi,L1,ndcg_3,2,0.8377648591995239
hgi,california,cat,poi,L1,top5_acc,2,0.9898750185966492
hgi,california,cat,poi,L1,ndcg_5,2,0.8563045263290405
hgi,california,cat,poi,L1,train_acc,2,0.6806985139846802
hgi,california,cat,poi,L1,test_class_coverage,2,1.0
hgi,california,cat,poi,L0,knn10_acc,3,0.733875
hgi,california,cat,poi,L0,knn10_macro_f1,3,0.7068608802060515
hgi,california,cat,poi,L0,silhouette,3,0.005307765211910009
hgi,california,cat,poi,L0,cohesion,3,0.36329084634780884
hgi,california,cat,poi,L0,centroid_inter_sim,3,0.22851046919822693
hgi,california,cat,poi,L0,sep_ratio,3,1.589821453793714
hgi,california,cat,poi,L1,accuracy,3,0.6786249876022339
hgi,california,cat,poi,L1,accuracy_macro,3,0.6058892607688904
hgi,california,cat,poi,L1,f1,3,0.6238613724708557
hgi,california,cat,poi,L1,f1_weighted,3,0.6753023862838745
hgi,california,cat,poi,L1,mrr,3,0.8124663829803467
hgi,california,cat,poi,L1,top3_acc,3,0.9385000467300415
hgi,california,cat,poi,L1,ndcg_3,3,0.8351085782051086
hgi,california,cat,poi,L1,top5_acc,3,0.9878750443458557
hgi,california,cat,poi,L1,ndcg_5,3,0.8556172251701355
hgi,california,cat,poi,L1,train_acc,3,0.679007351398468
hgi,california,cat,poi,L1,test_class_coverage,3,1.0
hgi,california,cat,poi,L0,knn10_acc,4,0.738625
hgi,california,cat,poi,L0,knn10_macro_f1,4,0.7153317487679713
hgi,california,cat,poi,L0,silhouette,4,0.0037630810402333736
hgi,california,cat,poi,L0,cohesion,4,0.3620002865791321
hgi,california,cat,poi,L0,centroid_inter_sim,4,0.23986932635307312
hgi,california,cat,poi,L0,sep_ratio,4,1.509156223027406
hgi,california,cat,poi,L1,accuracy,4,0.6778749823570251
hgi,california,cat,poi,L1,accuracy_macro,4,0.6038665771484375
hgi,california,cat,poi,L1,f1,4,0.6266534328460693
hgi,california,cat,poi,L1,f1_weighted,4,0.6745268702507019
hgi,california,cat,poi,L1,mrr,4,0.8133053183555603
hgi,california,cat,poi,L1,top3_acc,4,0.9455000162124634
hgi,california,cat,poi,L1,ndcg_3,4,0.8386918306350708
hgi,california,cat,poi,L1,top5_acc,4,0.9878750443458557
hgi,california,cat,poi,L1,ndcg_5,4,0.8563446402549744
hgi,california,cat,poi,L1,train_acc,4,0.679227888584137
hgi,california,cat,poi,L1,test_class_coverage,4,1.0
hgi,texas,cat,poi,L0,n_eval,-1,40000.0
hgi,texas,cat,poi,L0,label_coverage,-1,1.0
hgi,texas,cat,poi,L0,knn10_acc,0,0.785625
hgi,texas,cat,poi,L0,knn10_macro_f1,0,0.7702485446936637
hgi,texas,cat,poi,L0,silhouette,0,0.0016064462251961231
hgi,texas,cat,poi,L0,cohesion,0,0.33579349517822266
hgi,texas,cat,poi,L0,centroid_inter_sim,0,0.20061162114143372
hgi,texas,cat,poi,L0,sep_ratio,0,1.673848669721302
hgi,texas,cat,poi,L1,accuracy,0,0.6830000281333923
hgi,texas,cat,poi,L1,accuracy_macro,0,0.6398006677627563
hgi,texas,cat,poi,L1,f1,0,0.6552464962005615
hgi,texas,cat,poi,L1,f1_weighted,0,0.6811835169792175
hgi,texas,cat,poi,L1,mrr,0,0.8142703175544739
hgi,texas,cat,poi,L1,top3_acc,0,0.9411250352859497
hgi,texas,cat,poi,L1,ndcg_3,0,0.8373156189918518
hgi,texas,cat,poi,L1,top5_acc,0,0.9901250600814819
hgi,texas,cat,poi,L1,ndcg_5,0,0.8577504754066467
hgi,texas,cat,poi,L1,train_acc,0,0.6847426295280457
hgi,texas,cat,poi,L1,test_class_coverage,0,1.0
hgi,texas,cat,poi,L0,knn10_acc,1,0.78075
hgi,texas,cat,poi,L0,knn10_macro_f1,1,0.7627636861469894
hgi,texas,cat,poi,L0,silhouette,1,0.0004602870321832597
hgi,texas,cat,poi,L0,cohesion,1,0.3308226466178894
hgi,texas,cat,poi,L0,centroid_inter_sim,1,0.20901353657245636
hgi,texas,cat,poi,L0,sep_ratio,1,1.5827809626253888
hgi,texas,cat,poi,L1,accuracy,1,0.6808750033378601
hgi,texas,cat,poi,L1,accuracy_macro,1,0.6348275542259216
hgi,texas,cat,poi,L1,f1,1,0.6528548002243042
hgi,texas,cat,poi,L1,f1_weighted,1,0.6787305474281311
hgi,texas,cat,poi,L1,mrr,1,0.8139874935150146
hgi,texas,cat,poi,L1,top3_acc,1,0.9447500705718994
hgi,texas,cat,poi,L1,ndcg_3,1,0.838687539100647
hgi,texas,cat,poi,L1,top5_acc,1,0.9911250472068787
hgi,texas,cat,poi,L1,ndcg_5,1,0.8579644560813904
hgi,texas,cat,poi,L1,train_acc,1,0.6837131977081299
hgi,texas,cat,poi,L1,test_class_coverage,1,1.0
hgi,texas,cat,poi,L0,knn10_acc,2,0.774375
hgi,texas,cat,poi,L0,knn10_macro_f1,2,0.7584965983397828
hgi,texas,cat,poi,L0,silhouette,2,0.0011928227031603456
hgi,texas,cat,poi,L0,cohesion,2,0.3362756371498108
hgi,texas,cat,poi,L0,centroid_inter_sim,2,0.2009008675813675
hgi,texas,cat,poi,L0,sep_ratio,2,1.6738386508640375
hgi,texas,cat,poi,L1,accuracy,2,0.6825000047683716
hgi,texas,cat,poi,L1,accuracy_macro,2,0.6440595388412476
hgi,texas,cat,poi,L1,f1,2,0.6587260961532593
hgi,texas,cat,poi,L1,f1_weighted,2,0.6814067363739014
hgi,texas,cat,poi,L1,mrr,2,0.8136619329452515
hgi,texas,cat,poi,L1,top3_acc,2,0.9417500495910645
hgi,texas,cat,poi,L1,ndcg_3,2,0.837214469909668
hgi,texas,cat,poi,L1,top5_acc,2,0.9885000586509705
hgi,texas,cat,poi,L1,ndcg_5,2,0.8567131161689758
hgi,texas,cat,poi,L1,train_acc,2,0.6867279410362244
hgi,texas,cat,poi,L1,test_class_coverage,2,1.0
hgi,texas,cat,poi,L0,knn10_acc,3,0.768875
hgi,texas,cat,poi,L0,knn10_macro_f1,3,0.7492715135259996
hgi,texas,cat,poi,L0,silhouette,3,0.0002988448250107467
hgi,texas,cat,poi,L0,cohesion,3,0.33443957567214966
hgi,texas,cat,poi,L0,centroid_inter_sim,3,0.19951052963733673
hgi,texas,cat,poi,L0,sep_ratio,3,1.6763003751234695
hgi,texas,cat,poi,L1,accuracy,3,0.6771249771118164
hgi,texas,cat,poi,L1,accuracy_macro,3,0.6390180587768555
hgi,texas,cat,poi,L1,f1,3,0.6524683237075806
hgi,texas,cat,poi,L1,f1_weighted,3,0.6757155656814575
hgi,texas,cat,poi,L1,mrr,3,0.8120154738426208
hgi,texas,cat,poi,L1,top3_acc,3,0.9445000290870667
hgi,texas,cat,poi,L1,ndcg_3,3,0.8370475769042969
hgi,texas,cat,poi,L1,top5_acc,3,0.9915000200271606
hgi,texas,cat,poi,L1,ndcg_5,3,0.8566429615020752
hgi,texas,cat,poi,L1,train_acc,3,0.6878308653831482
hgi,texas,cat,poi,L1,test_class_coverage,3,1.0
hgi,texas,cat,poi,L0,knn10_acc,4,0.776625
hgi,texas,cat,poi,L0,knn10_macro_f1,4,0.7566659958028634
hgi,texas,cat,poi,L0,silhouette,4,0.002304780064150691
hgi,texas,cat,poi,L0,cohesion,4,0.3369820713996887
hgi,texas,cat,poi,L0,centroid_inter_sim,4,0.19580137729644775
hgi,texas,cat,poi,L0,sep_ratio,4,1.7210403524868478
hgi,texas,cat,poi,L1,accuracy,4,0.6826249957084656
hgi,texas,cat,poi,L1,accuracy_macro,4,0.6385902166366577
hgi,texas,cat,poi,L1,f1,4,0.6531931161880493
hgi,texas,cat,poi,L1,f1_weighted,4,0.6807496547698975
hgi,texas,cat,poi,L1,mrr,4,0.8150221109390259
hgi,texas,cat,poi,L1,top3_acc,4,0.9458750486373901
hgi,texas,cat,poi,L1,ndcg_3,4,0.8398631811141968
hgi,texas,cat,poi,L1,top5_acc,4,0.9921250343322754
hgi,texas,cat,poi,L1,ndcg_5,4,0.8590916991233826
hgi,texas,cat,poi,L1,train_acc,4,0.685404360294342
hgi,texas,cat,poi,L1,test_class_coverage,4,1.0
check2hgi_design_k_resln_mae_l0_1,alabama,cat,poi,L0,n_eval,-1,11848.0
check2hgi_design_k_resln_mae_l0_1,alabama,cat,poi,L0,label_coverage,-1,1.0
check2hgi_design_k_resln_mae_l0_1,alabama,cat,poi,L0,knn10_acc,0,0.9776371308016878
check2hgi_design_k_resln_mae_l0_1,alabama,cat,poi,L0,knn10_macro_f1,0,0.9743479985839285
check2hgi_design_k_resln_mae_l0_1,alabama,cat,poi,L0,silhouette,0,0.5382364392280579
check2hgi_design_k_resln_mae_l0_1,alabama,cat,poi,L0,cohesion,0,0.8525761365890503
check2hgi_design_k_resln_mae_l0_1,alabama,cat,poi,L0,centroid_inter_sim,0,0.4040646255016327
check2hgi_design_k_resln_mae_l0_1,alabama,cat,poi,L0,sep_ratio,0,2.1099994475651154
check2hgi_design_k_resln_mae_l0_1,alabama,cat,poi,L1,accuracy,0,0.9839662313461304
check2hgi_design_k_resln_mae_l0_1,alabama,cat,poi,L1,accuracy_macro,0,0.980603814125061
check2hgi_design_k_resln_mae_l0_1,alabama,cat,poi,L1,f1,0,0.9818031191825867
check2hgi_design_k_resln_mae_l0_1,alabama,cat,poi,L1,f1_weighted,0,0.9839546084403992
check2hgi_design_k_resln_mae_l0_1,alabama,cat,poi,L1,mrr,0,0.9919129014015198
check2hgi_design_k_resln_mae_l0_1,alabama,cat,poi,L1,top3_acc,0,1.0
check2hgi_design_k_resln_mae_l0_1,alabama,cat,poi,L1,ndcg_3,0,0.9940271377563477
check2hgi_design_k_resln_mae_l0_1,alabama,cat,poi,L1,top5_acc,0,1.0
check2hgi_design_k_resln_mae_l0_1,alabama,cat,poi,L1,ndcg_5,0,0.9940271377563477
check2hgi_design_k_resln_mae_l0_1,alabama,cat,poi,L1,train_acc,0,0.9882075190544128
check2hgi_design_k_resln_mae_l0_1,alabama,cat,poi,L1,test_class_coverage,0,1.0
check2hgi_design_k_resln_mae_l0_1,alabama,cat,poi,L0,knn10_acc,1,0.9767932489451476
check2hgi_design_k_resln_mae_l0_1,alabama,cat,poi,L0,knn10_macro_f1,1,0.9734645677685504
check2hgi_design_k_resln_mae_l0_1,alabama,cat,poi,L0,silhouette,1,0.5297622680664062
check2hgi_design_k_resln_mae_l0_1,alabama,cat,poi,L0,cohesion,1,0.8499939441680908
check2hgi_design_k_resln_mae_l0_1,alabama,cat,poi,L0,centroid_inter_sim,1,0.40247178077697754
check2hgi_design_k_resln_mae_l0_1,alabama,cat,poi,L0,sep_ratio,1,2.1119342641294385
check2hgi_design_k_resln_mae_l0_1,alabama,cat,poi,L1,accuracy,1,0.9810126423835754
check2hgi_design_k_resln_mae_l0_1,alabama,cat,poi,L1,accuracy_macro,1,0.9790286421775818
check2hgi_design_k_resln_mae_l0_1,alabama,cat,poi,L1,f1,1,0.9778246283531189
check2hgi_design_k_resln_mae_l0_1,alabama,cat,poi,L1,f1_weighted,1,0.9810199737548828
check2hgi_design_k_resln_mae_l0_1,alabama,cat,poi,L1,mrr,1,0.9904360771179199
check2hgi_design_k_resln_mae_l0_1,alabama,cat,poi,L1,top3_acc,1,1.0
check2hgi_design_k_resln_mae_l0_1,alabama,cat,poi,L1,ndcg_3,1,0.9929370284080505
check2hgi_design_k_resln_mae_l0_1,alabama,cat,poi,L1,top5_acc,1,1.0
check2hgi_design_k_resln_mae_l0_1,alabama,cat,poi,L1,ndcg_5,1,0.9929370284080505
check2hgi_design_k_resln_mae_l0_1,alabama,cat,poi,L1,train_acc,1,0.9895730018615723
check2hgi_design_k_resln_mae_l0_1,alabama,cat,poi,L1,test_class_coverage,1,1.0
check2hgi_design_k_resln_mae_l0_1,alabama,cat,poi,L0,knn10_acc,2,0.9814345991561182
check2hgi_design_k_resln_mae_l0_1,alabama,cat,poi,L0,knn10_macro_f1,2,0.9815260680783536
check2hgi_design_k_resln_mae_l0_1,alabama,cat,poi,L0,silhouette,2,0.5315216183662415
check2hgi_design_k_resln_mae_l0_1,alabama,cat,poi,L0,cohesion,2,0.8517774939537048
check2hgi_design_k_resln_mae_l0_1,alabama,cat,poi,L0,centroid_inter_sim,2,0.4033409655094147
check2hgi_design_k_resln_mae_l0_1,alabama,cat,poi,L0,sep_ratio,2,2.111805065170904
check2hgi_design_k_resln_mae_l0_1,alabama,cat,poi,L1,accuracy,2,0.9852320551872253
check2hgi_design_k_resln_mae_l0_1,alabama,cat,poi,L1,accuracy_macro,2,0.9869078993797302
check2hgi_design_k_resln_mae_l0_1,alabama,cat,poi,L1,f1,2,0.9855403900146484
check2hgi_design_k_resln_mae_l0_1,alabama,cat,poi,L1,f1_weighted,2,0.9852422475814819
check2hgi_design_k_resln_mae_l0_1,alabama,cat,poi,L1,mrr,2,0.9926160573959351
check2hgi_design_k_resln_mae_l0_1,alabama,cat,poi,L1,top3_acc,2,1.0
check2hgi_design_k_resln_mae_l0_1,alabama,cat,poi,L1,ndcg_3,2,0.994549572467804
check2hgi_design_k_resln_mae_l0_1,alabama,cat,poi,L1,top5_acc,2,1.0
check2hgi_design_k_resln_mae_l0_1,alabama,cat,poi,L1,ndcg_5,2,0.994549572467804
check2hgi_design_k_resln_mae_l0_1,alabama,cat,poi,L1,train_acc,2,0.9887040853500366
check2hgi_design_k_resln_mae_l0_1,alabama,cat,poi,L1,test_class_coverage,2,1.0
check2hgi_design_k_resln_mae_l0_1,alabama,cat,poi,L0,knn10_acc,3,0.9759392148585901
check2hgi_design_k_resln_mae_l0_1,alabama,cat,poi,L0,knn10_macro_f1,3,0.9713110619681685
check2hgi_design_k_resln_mae_l0_1,alabama,cat,poi,L0,silhouette,3,0.5368599891662598
check2hgi_design_k_resln_mae_l0_1,alabama,cat,poi,L0,cohesion,3,0.8536967039108276
check2hgi_design_k_resln_mae_l0_1,alabama,cat,poi,L0,centroid_inter_sim,3,0.4075731933116913
check2hgi_design_k_resln_mae_l0_1,alabama,cat,poi,L0,sep_ratio,3,2.094585016679357
check2hgi_design_k_resln_mae_l0_1,alabama,cat,poi,L1,accuracy,3,0.9814267754554749
check2hgi_design_k_resln_mae_l0_1,alabama,cat,poi,L1,accuracy_macro,3,0.9809072017669678
check2hgi_design_k_resln_mae_l0_1,alabama,cat,poi,L1,f1,3,0.9793483018875122
check2hgi_design_k_resln_mae_l0_1,alabama,cat,poi,L1,f1_weighted,3,0.9814308285713196
check2hgi_design_k_resln_mae_l0_1,alabama,cat,poi,L1,mrr,3,0.9907134175300598
check2hgi_design_k_resln_mae_l0_1,alabama,cat,poi,L1,top3_acc,3,1.0
check2hgi_design_k_resln_mae_l0_1,alabama,cat,poi,L1,ndcg_3,3,0.9931451082229614
check2hgi_design_k_resln_mae_l0_1,alabama,cat,poi,L1,top5_acc,3,1.0
check2hgi_design_k_resln_mae_l0_1,alabama,cat,poi,L1,ndcg_5,3,0.9931451082229614
check2hgi_design_k_resln_mae_l0_1,alabama,cat,poi,L1,train_acc,3,0.989822506904602
check2hgi_design_k_resln_mae_l0_1,alabama,cat,poi,L1,test_class_coverage,3,1.0
check2hgi_design_k_resln_mae_l0_1,alabama,cat,poi,L0,knn10_acc,4,0.980160405234276
check2hgi_design_k_resln_mae_l0_1,alabama,cat,poi,L0,knn10_macro_f1,4,0.9783267498308954
check2hgi_design_k_resln_mae_l0_1,alabama,cat,poi,L0,silhouette,4,0.5431499481201172
check2hgi_design_k_resln_mae_l0_1,alabama,cat,poi,L0,cohesion,4,0.8542366623878479
check2hgi_design_k_resln_mae_l0_1,alabama,cat,poi,L0,centroid_inter_sim,4,0.40005022287368774
check2hgi_design_k_resln_mae_l0_1,alabama,cat,poi,L0,sep_ratio,4,2.1353235507571893
check2hgi_design_k_resln_mae_l0_1,alabama,cat,poi,L1,accuracy,4,0.985647976398468
check2hgi_design_k_resln_mae_l0_1,alabama,cat,poi,L1,accuracy_macro,4,0.9826171398162842
check2hgi_design_k_resln_mae_l0_1,alabama,cat,poi,L1,f1,4,0.982590913772583
check2hgi_design_k_resln_mae_l0_1,alabama,cat,poi,L1,f1_weighted,4,0.9856506586074829
check2hgi_design_k_resln_mae_l0_1,alabama,cat,poi,L1,mrr,4,0.9926832318305969
check2hgi_design_k_resln_mae_l0_1,alabama,cat,poi,L1,top3_acc,4,1.0
check2hgi_design_k_resln_mae_l0_1,alabama,cat,poi,L1,ndcg_3,4,0.994592547416687
check2hgi_design_k_resln_mae_l0_1,alabama,cat,poi,L1,top5_acc,4,1.0
check2hgi_design_k_resln_mae_l0_1,alabama,cat,poi,L1,ndcg_5,4,0.994592547416687
check2hgi_design_k_resln_mae_l0_1,alabama,cat,poi,L1,train_acc,4,0.9890778064727783
check2hgi_design_k_resln_mae_l0_1,alabama,cat,poi,L1,test_class_coverage,4,1.0
check2hgi_design_k_resln_mae_l0_1,arizona,cat,poi,L0,n_eval,-1,20666.0
check2hgi_design_k_resln_mae_l0_1,arizona,cat,poi,L0,label_coverage,-1,1.0
check2hgi_design_k_resln_mae_l0_1,arizona,cat,poi,L0,knn10_acc,0,0.9796806966618288
check2hgi_design_k_resln_mae_l0_1,arizona,cat,poi,L0,knn10_macro_f1,0,0.9817322749838124
check2hgi_design_k_resln_mae_l0_1,arizona,cat,poi,L0,silhouette,0,0.5357708930969238
check2hgi_design_k_resln_mae_l0_1,arizona,cat,poi,L0,cohesion,0,0.8563555479049683
check2hgi_design_k_resln_mae_l0_1,arizona,cat,poi,L0,centroid_inter_sim,0,0.44220101833343506
check2hgi_design_k_resln_mae_l0_1,arizona,cat,poi,L0,sep_ratio,0,1.9365752506233402
check2hgi_design_k_resln_mae_l0_1,arizona,cat,poi,L1,accuracy,0,0.9830672740936279
check2hgi_design_k_resln_mae_l0_1,arizona,cat,poi,L1,accuracy_macro,0,0.986283540725708
check2hgi_design_k_resln_mae_l0_1,arizona,cat,poi,L1,f1,0,0.9848393797874451
check2hgi_design_k_resln_mae_l0_1,arizona,cat,poi,L1,f1_weighted,0,0.9830691814422607
check2hgi_design_k_resln_mae_l0_1,arizona,cat,poi,L1,mrr,0,0.991533637046814
check2hgi_design_k_resln_mae_l0_1,arizona,cat,poi,L1,top3_acc,0,1.0
check2hgi_design_k_resln_mae_l0_1,arizona,cat,poi,L1,ndcg_3,0,0.9937506318092346
check2hgi_design_k_resln_mae_l0_1,arizona,cat,poi,L1,top5_acc,0,1.0
check2hgi_design_k_resln_mae_l0_1,arizona,cat,poi,L1,ndcg_5,0,0.9937506318092346
check2hgi_design_k_resln_mae_l0_1,arizona,cat,poi,L1,train_acc,0,0.9879021048545837
check2hgi_design_k_resln_mae_l0_1,arizona,cat,poi,L1,test_class_coverage,0,1.0
check2hgi_design_k_resln_mae_l0_1,arizona,cat,poi,L0,knn10_acc,1,0.9811275102830873
check2hgi_design_k_resln_mae_l0_1,arizona,cat,poi,L0,knn10_macro_f1,1,0.9832335952436511
check2hgi_design_k_resln_mae_l0_1,arizona,cat,poi,L0,silhouette,1,0.5410674810409546
check2hgi_design_k_resln_mae_l0_1,arizona,cat,poi,L0,cohesion,1,0.8599168658256531
check2hgi_design_k_resln_mae_l0_1,arizona,cat,poi,L0,centroid_inter_sim,1,0.44491687417030334
check2hgi_design_k_resln_mae_l0_1,arizona,cat,poi,L0,sep_ratio,1,1.9327584898398298
check2hgi_design_k_resln_mae_l0_1,arizona,cat,poi,L1,accuracy,1,0.983547031879425
check2hgi_design_k_resln_mae_l0_1,arizona,cat,poi,L1,accuracy_macro,1,0.9839704036712646
check2hgi_design_k_resln_mae_l0_1,arizona,cat,poi,L1,f1,1,0.9833083748817444
check2hgi_design_k_resln_mae_l0_1,arizona,cat,poi,L1,f1_weighted,1,0.983551025390625
check2hgi_design_k_resln_mae_l0_1,arizona,cat,poi,L1,mrr,1,0.9915719032287598
check2hgi_design_k_resln_mae_l0_1,arizona,cat,poi,L1,top3_acc,1,1.0
check2hgi_design_k_resln_mae_l0_1,arizona,cat,poi,L1,ndcg_3,1,0.9937693476676941
check2hgi_design_k_resln_mae_l0_1,arizona,cat,poi,L1,top5_acc,1,1.0
check2hgi_design_k_resln_mae_l0_1,arizona,cat,poi,L1,ndcg_5,1,0.9937693476676941
check2hgi_design_k_resln_mae_l0_1,arizona,cat,poi,L1,train_acc,1,0.9877606630325317
check2hgi_design_k_resln_mae_l0_1,arizona,cat,poi,L1,test_class_coverage,1,1.0
check2hgi_design_k_resln_mae_l0_1,arizona,cat,poi,L0,knn10_acc,2,0.9830631502540528
check2hgi_design_k_resln_mae_l0_1,arizona,cat,poi,L0,knn10_macro_f1,2,0.9823081952538553
check2hgi_design_k_resln_mae_l0_1,arizona,cat,poi,L0,silhouette,2,0.539772629737854
check2hgi_design_k_resln_mae_l0_1,arizona,cat,poi,L0,cohesion,2,0.8585750460624695
check2hgi_design_k_resln_mae_l0_1,arizona,cat,poi,L0,centroid_inter_sim,2,0.44277045130729675
check2hgi_design_k_resln_mae_l0_1,arizona,cat,poi,L0,sep_ratio,2,1.9390974341839968
check2hgi_design_k_resln_mae_l0_1,arizona,cat,poi,L1,accuracy,2,0.986692488193512
check2hgi_design_k_resln_mae_l0_1,arizona,cat,poi,L1,accuracy_macro,2,0.9851700067520142
check2hgi_design_k_resln_mae_l0_1,arizona,cat,poi,L1,f1,2,0.9843072295188904
check2hgi_design_k_resln_mae_l0_1,arizona,cat,poi,L1,f1_weighted,2,0.9866917133331299
check2hgi_design_k_resln_mae_l0_1,arizona,cat,poi,L1,mrr,2,0.993265688419342
check2hgi_design_k_resln_mae_l0_1,arizona,cat,poi,L1,top3_acc,2,1.0
check2hgi_design_k_resln_mae_l0_1,arizona,cat,poi,L1,ndcg_3,2,0.9950252771377563
check2hgi_design_k_resln_mae_l0_1,arizona,cat,poi,L1,top5_acc,2,1.0
check2hgi_design_k_resln_mae_l0_1,arizona,cat,poi,L1,ndcg_5,2,0.9950252771377563
check2hgi_design_k_resln_mae_l0_1,arizona,cat,poi,L1,train_acc,2,0.9874048829078674
check2hgi_design_k_resln_mae_l0_1,arizona,cat,poi,L1,test_class_coverage,2,1.0
check2hgi_design_k_resln_mae_l0_1,arizona,cat,poi,L0,knn10_acc,3,0.9799177353012339
check2hgi_design_k_resln_mae_l0_1,arizona,cat,poi,L0,knn10_macro_f1,3,0.9788930552639278
check2hgi_design_k_resln_mae_l0_1,arizona,cat,poi,L0,silhouette,3,0.5355762243270874
check2hgi_design_k_resln_mae_l0_1,arizona,cat,poi,L0,cohesion,3,0.8571489453315735
check2hgi_design_k_resln_mae_l0_1,arizona,cat,poi,L0,centroid_inter_sim,3,0.4423328936100006
check2hgi_design_k_resln_mae_l0_1,arizona,cat,poi,L0,sep_ratio,3,1.9377915540853061
check2hgi_design_k_resln_mae_l0_1,arizona,cat,poi,L1,accuracy,3,0.9854826927185059
check2hgi_design_k_resln_mae_l0_1,arizona,cat,poi,L1,accuracy_macro,3,0.9858676791191101
check2hgi_design_k_resln_mae_l0_1,arizona,cat,poi,L1,f1,3,0.9849303960800171
check2hgi_design_k_resln_mae_l0_1,arizona,cat,poi,L1,f1_weighted,3,0.9854810833930969
check2hgi_design_k_resln_mae_l0_1,arizona,cat,poi,L1,mrr,3,0.9926608204841614
check2hgi_design_k_resln_mae_l0_1,arizona,cat,poi,L1,top3_acc,3,1.0
check2hgi_design_k_resln_mae_l0_1,arizona,cat,poi,L1,ndcg_3,3,0.9945787191390991
check2hgi_design_k_resln_mae_l0_1,arizona,cat,poi,L1,top5_acc,3,1.0
check2hgi_design_k_resln_mae_l0_1,arizona,cat,poi,L1,ndcg_5,3,0.9945787191390991
check2hgi_design_k_resln_mae_l0_1,arizona,cat,poi,L1,train_acc,3,0.987191379070282
check2hgi_design_k_resln_mae_l0_1,arizona,cat,poi,L1,test_class_coverage,3,1.0
check2hgi_design_k_resln_mae_l0_1,arizona,cat,poi,L0,knn10_acc,4,0.9784660053230099
check2hgi_design_k_resln_mae_l0_1,arizona,cat,poi,L0,knn10_macro_f1,4,0.9768274733643052
check2hgi_design_k_resln_mae_l0_1,arizona,cat,poi,L0,silhouette,4,0.5374025702476501
check2hgi_design_k_resln_mae_l0_1,arizona,cat,poi,L0,cohesion,4,0.8575009703636169
check2hgi_design_k_resln_mae_l0_1,arizona,cat,poi,L0,centroid_inter_sim,4,0.4424191415309906
check2hgi_design_k_resln_mae_l0_1,arizona,cat,poi,L0,sep_ratio,4,1.938209471218258
check2hgi_design_k_resln_mae_l0_1,arizona,cat,poi,L1,accuracy,4,0.9828211665153503
check2hgi_design_k_resln_mae_l0_1,arizona,cat,poi,L1,accuracy_macro,4,0.9830269813537598
check2hgi_design_k_resln_mae_l0_1,arizona,cat,poi,L1,f1,4,0.9821906685829163
check2hgi_design_k_resln_mae_l0_1,arizona,cat,poi,L1,f1_weighted,4,0.9828157424926758
check2hgi_design_k_resln_mae_l0_1,arizona,cat,poi,L1,mrr,4,0.991209089756012
check2hgi_design_k_resln_mae_l0_1,arizona,cat,poi,L1,top3_acc,4,1.0
check2hgi_design_k_resln_mae_l0_1,arizona,cat,poi,L1,ndcg_3,4,0.9935013651847839
check2hgi_design_k_resln_mae_l0_1,arizona,cat,poi,L1,top5_acc,4,1.0
check2hgi_design_k_resln_mae_l0_1,arizona,cat,poi,L1,ndcg_5,4,0.9935013651847839
check2hgi_design_k_resln_mae_l0_1,arizona,cat,poi,L1,train_acc,4,0.9866220951080322
check2hgi_design_k_resln_mae_l0_1,arizona,cat,poi,L1,test_class_coverage,4,1.0
check2hgi_design_k_resln_mae_l0_1,florida,cat,poi,L0,n_eval,-1,40000.0
check2hgi_design_k_resln_mae_l0_1,florida,cat,poi,L0,label_coverage,-1,1.0
check2hgi_design_k_resln_mae_l0_1,florida,cat,poi,L0,knn10_acc,0,0.9835
check2hgi_design_k_resln_mae_l0_1,florida,cat,poi,L0,knn10_macro_f1,0,0.9829149607839825
check2hgi_design_k_resln_mae_l0_1,florida,cat,poi,L0,silhouette,0,0.5687891840934753
check2hgi_design_k_resln_mae_l0_1,florida,cat,poi,L0,cohesion,0,0.8759034872055054
check2hgi_design_k_resln_mae_l0_1,florida,cat,poi,L0,centroid_inter_sim,0,0.40889254212379456
check2hgi_design_k_resln_mae_l0_1,florida,cat,poi,L0,sep_ratio,0,2.142136128617187
check2hgi_design_k_resln_mae_l0_1,florida,cat,poi,L1,accuracy,0,0.9883750081062317
check2hgi_design_k_resln_mae_l0_1,florida,cat,poi,L1,accuracy_macro,0,0.9871333837509155
check2hgi_design_k_resln_mae_l0_1,florida,cat,poi,L1,f1,0,0.9873319864273071
check2hgi_design_k_resln_mae_l0_1,florida,cat,poi,L1,f1_weighted,0,0.9883763194084167
check2hgi_design_k_resln_mae_l0_1,florida,cat,poi,L1,mrr,0,0.9941667318344116
check2hgi_design_k_resln_mae_l0_1,florida,cat,poi,L1,top3_acc,0,1.0
check2hgi_design_k_resln_mae_l0_1,florida,cat,poi,L1,ndcg_3,0,0.9956932663917542
check2hgi_design_k_resln_mae_l0_1,florida,cat,poi,L1,top5_acc,0,1.0
check2hgi_design_k_resln_mae_l0_1,florida,cat,poi,L1,ndcg_5,0,0.9956932663917542
check2hgi_design_k_resln_mae_l0_1,florida,cat,poi,L1,train_acc,0,0.9877205491065979
check2hgi_design_k_resln_mae_l0_1,florida,cat,poi,L1,test_class_coverage,0,1.0
check2hgi_design_k_resln_mae_l0_1,florida,cat,poi,L0,knn10_acc,1,0.982125
check2hgi_design_k_resln_mae_l0_1,florida,cat,poi,L0,knn10_macro_f1,1,0.9813040494422873
check2hgi_design_k_resln_mae_l0_1,florida,cat,poi,L0,silhouette,1,0.5649791359901428
check2hgi_design_k_resln_mae_l0_1,florida,cat,poi,L0,cohesion,1,0.8754091858863831
check2hgi_design_k_resln_mae_l0_1,florida,cat,poi,L0,centroid_inter_sim,1,0.40963590145111084
check2hgi_design_k_resln_mae_l0_1,florida,cat,poi,L0,sep_ratio,1,2.1370421459283673
check2hgi_design_k_resln_mae_l0_1,florida,cat,poi,L1,accuracy,1,0.9862499833106995
check2hgi_design_k_resln_mae_l0_1,florida,cat,poi,L1,accuracy_macro,1,0.9848212003707886
check2hgi_design_k_resln_mae_l0_1,florida,cat,poi,L1,f1,1,0.9854840636253357
check2hgi_design_k_resln_mae_l0_1,florida,cat,poi,L1,f1_weighted,1,0.986248254776001
check2hgi_design_k_resln_mae_l0_1,florida,cat,poi,L1,mrr,1,0.9931250214576721
check2hgi_design_k_resln_mae_l0_1,florida,cat,poi,L1,top3_acc,1,1.0
check2hgi_design_k_resln_mae_l0_1,florida,cat,poi,L1,ndcg_3,1,0.994925320148468
check2hgi_design_k_resln_mae_l0_1,florida,cat,poi,L1,top5_acc,1,1.0
check2hgi_design_k_resln_mae_l0_1,florida,cat,poi,L1,ndcg_5,1,0.994925320148468
check2hgi_design_k_resln_mae_l0_1,florida,cat,poi,L1,train_acc,1,0.9882720112800598
check2hgi_design_k_resln_mae_l0_1,florida,cat,poi,L1,test_class_coverage,1,1.0
check2hgi_design_k_resln_mae_l0_1,florida,cat,poi,L0,knn10_acc,2,0.97925
check2hgi_design_k_resln_mae_l0_1,florida,cat,poi,L0,knn10_macro_f1,2,0.9785201164324165
check2hgi_design_k_resln_mae_l0_1,florida,cat,poi,L0,silhouette,2,0.5638206601142883
check2hgi_design_k_resln_mae_l0_1,florida,cat,poi,L0,cohesion,2,0.875141978263855
check2hgi_design_k_resln_mae_l0_1,florida,cat,poi,L0,centroid_inter_sim,2,0.407013475894928
check2hgi_design_k_resln_mae_l0_1,florida,cat,poi,L0,sep_ratio,2,2.1501547985349165
check2hgi_design_k_resln_mae_l0_1,florida,cat,poi,L1,accuracy,2,0.9838749766349792
check2hgi_design_k_resln_mae_l0_1,florida,cat,poi,L1,accuracy_macro,2,0.9842441082000732
check2hgi_design_k_resln_mae_l0_1,florida,cat,poi,L1,f1,2,0.9832452535629272
check2hgi_design_k_resln_mae_l0_1,florida,cat,poi,L1,f1_weighted,2,0.9838727712631226
check2hgi_design_k_resln_mae_l0_1,florida,cat,poi,L1,mrr,2,0.9919166564941406
check2hgi_design_k_resln_mae_l0_1,florida,cat,poi,L1,top3_acc,2,1.0
check2hgi_design_k_resln_mae_l0_1,florida,cat,poi,L1,ndcg_3,2,0.9940323829650879
check2hgi_design_k_resln_mae_l0_1,florida,cat,poi,L1,top5_acc,2,1.0
check2hgi_design_k_resln_mae_l0_1,florida,cat,poi,L1,ndcg_5,2,0.9940323829650879
check2hgi_design_k_resln_mae_l0_1,florida,cat,poi,L1,train_acc,2,0.9881617426872253
check2hgi_design_k_resln_mae_l0_1,florida,cat,poi,L1,test_class_coverage,2,1.0
check2hgi_design_k_resln_mae_l0_1,florida,cat,poi,L0,knn10_acc,3,0.981
check2hgi_design_k_resln_mae_l0_1,florida,cat,poi,L0,knn10_macro_f1,3,0.9791801341984289
check2hgi_design_k_resln_mae_l0_1,florida,cat,poi,L0,silhouette,3,0.565375804901123
check2hgi_design_k_resln_mae_l0_1,florida,cat,poi,L0,cohesion,3,0.8747915029525757
check2hgi_design_k_resln_mae_l0_1,florida,cat,poi,L0,centroid_inter_sim,3,0.41074371337890625
check2hgi_design_k_resln_mae_l0_1,florida,cat,poi,L0,sep_ratio,3,2.129774539350261
check2hgi_design_k_resln_mae_l0_1,florida,cat,poi,L1,accuracy,3,0.9852499961853027
check2hgi_design_k_resln_mae_l0_1,florida,cat,poi,L1,accuracy_macro,3,0.9826432466506958
check2hgi_design_k_resln_mae_l0_1,florida,cat,poi,L1,f1,3,0.9835237264633179
check2hgi_design_k_resln_mae_l0_1,florida,cat,poi,L1,f1_weighted,3,0.9852420091629028
check2hgi_design_k_resln_mae_l0_1,florida,cat,poi,L1,mrr,3,0.9925833344459534
check2hgi_design_k_resln_mae_l0_1,florida,cat,poi,L1,top3_acc,3,1.0
check2hgi_design_k_resln_mae_l0_1,florida,cat,poi,L1,ndcg_3,3,0.9945235252380371
check2hgi_design_k_resln_mae_l0_1,florida,cat,poi,L1,top5_acc,3,1.0
check2hgi_design_k_resln_mae_l0_1,florida,cat,poi,L1,ndcg_5,3,0.9945235252380371
check2hgi_design_k_resln_mae_l0_1,florida,cat,poi,L1,train_acc,3,0.9878675937652588
check2hgi_design_k_resln_mae_l0_1,florida,cat,poi,L1,test_class_coverage,3,1.0
check2hgi_design_k_resln_mae_l0_1,florida,cat,poi,L0,knn10_acc,4,0.9815
check2hgi_design_k_resln_mae_l0_1,florida,cat,poi,L0,knn10_macro_f1,4,0.9803462904553649
check2hgi_design_k_resln_mae_l0_1,florida,cat,poi,L0,silhouette,4,0.5665211081504822
check2hgi_design_k_resln_mae_l0_1,florida,cat,poi,L0,cohesion,4,0.8755257725715637
check2hgi_design_k_resln_mae_l0_1,florida,cat,poi,L0,centroid_inter_sim,4,0.4098025858402252
check2hgi_design_k_resln_mae_l0_1,florida,cat,poi,L0,sep_ratio,4,2.1364574134554526
check2hgi_design_k_resln_mae_l0_1,florida,cat,poi,L1,accuracy,4,0.9867500066757202
check2hgi_design_k_resln_mae_l0_1,florida,cat,poi,L1,accuracy_macro,4,0.9856846332550049
check2hgi_design_k_resln_mae_l0_1,florida,cat,poi,L1,f1,4,0.985628604888916
check2hgi_design_k_resln_mae_l0_1,florida,cat,poi,L1,f1_weighted,4,0.9867523908615112
check2hgi_design_k_resln_mae_l0_1,florida,cat,poi,L1,mrr,4,0.9933333396911621
check2hgi_design_k_resln_mae_l0_1,florida,cat,poi,L1,top3_acc,4,1.0
check2hgi_design_k_resln_mae_l0_1,florida,cat,poi,L1,ndcg_3,4,0.9950771331787109
check2hgi_design_k_resln_mae_l0_1,florida,cat,poi,L1,top5_acc,4,1.0
check2hgi_design_k_resln_mae_l0_1,florida,cat,poi,L1,ndcg_5,4,0.9950771331787109
check2hgi_design_k_resln_mae_l0_1,florida,cat,poi,L1,train_acc,4,0.9878308176994324
check2hgi_design_k_resln_mae_l0_1,florida,cat,poi,L1,test_class_coverage,4,1.0
check2hgi_design_k_resln_mae_l0_1,california,cat,poi,L0,n_eval,-1,40000.0
check2hgi_design_k_resln_mae_l0_1,california,cat,poi,L0,label_coverage,-1,1.0
check2hgi_design_k_resln_mae_l0_1,california,cat,poi,L0,knn10_acc,0,0.98425
check2hgi_design_k_resln_mae_l0_1,california,cat,poi,L0,knn10_macro_f1,0,0.9837663990981705
check2hgi_design_k_resln_mae_l0_1,california,cat,poi,L0,silhouette,0,0.5757214426994324
check2hgi_design_k_resln_mae_l0_1,california,cat,poi,L0,cohesion,0,0.8731966614723206
check2hgi_design_k_resln_mae_l0_1,california,cat,poi,L0,centroid_inter_sim,0,0.3820803463459015
check2hgi_design_k_resln_mae_l0_1,california,cat,poi,L0,sep_ratio,0,2.2853744502257287
check2hgi_design_k_resln_mae_l0_1,california,cat,poi,L1,accuracy,0,0.9890000224113464
check2hgi_design_k_resln_mae_l0_1,california,cat,poi,L1,accuracy_macro,0,0.9874224066734314
check2hgi_design_k_resln_mae_l0_1,california,cat,poi,L1,f1,0,0.9873422384262085
check2hgi_design_k_resln_mae_l0_1,california,cat,poi,L1,f1_weighted,0,0.9889971017837524
check2hgi_design_k_resln_mae_l0_1,california,cat,poi,L1,mrr,0,0.9944791793823242
check2hgi_design_k_resln_mae_l0_1,california,cat,poi,L1,top3_acc,0,1.0
check2hgi_design_k_resln_mae_l0_1,california,cat,poi,L1,ndcg_3,0,0.9959238767623901
check2hgi_design_k_resln_mae_l0_1,california,cat,poi,L1,top5_acc,0,1.0
check2hgi_design_k_resln_mae_l0_1,california,cat,poi,L1,ndcg_5,0,0.9959238767623901
check2hgi_design_k_resln_mae_l0_1,california,cat,poi,L1,train_acc,0,0.9908455610275269
check2hgi_design_k_resln_mae_l0_1,california,cat,poi,L1,test_class_coverage,0,1.0
check2hgi_design_k_resln_mae_l0_1,california,cat,poi,L0,knn10_acc,1,0.98475
check2hgi_design_k_resln_mae_l0_1,california,cat,poi,L0,knn10_macro_f1,1,0.9853217574084298
check2hgi_design_k_resln_mae_l0_1,california,cat,poi,L0,silhouette,1,0.579364538192749
check2hgi_design_k_resln_mae_l0_1,california,cat,poi,L0,cohesion,1,0.8736571669578552
check2hgi_design_k_resln_mae_l0_1,california,cat,poi,L0,centroid_inter_sim,1,0.3797908425331116
check2hgi_design_k_resln_mae_l0_1,california,cat,poi,L0,sep_ratio,1,2.300363961202373
check2hgi_design_k_resln_mae_l0_1,california,cat,poi,L1,accuracy,1,0.9883750081062317
check2hgi_design_k_resln_mae_l0_1,california,cat,poi,L1,accuracy_macro,1,0.9881139993667603
check2hgi_design_k_resln_mae_l0_1,california,cat,poi,L1,f1,1,0.9891668558120728
check2hgi_design_k_resln_mae_l0_1,california,cat,poi,L1,f1_weighted,1,0.9883764982223511
check2hgi_design_k_resln_mae_l0_1,california,cat,poi,L1,mrr,1,0.9941667318344116
check2hgi_design_k_resln_mae_l0_1,california,cat,poi,L1,top3_acc,1,1.0
check2hgi_design_k_resln_mae_l0_1,california,cat,poi,L1,ndcg_3,1,0.9956932663917542
check2hgi_design_k_resln_mae_l0_1,california,cat,poi,L1,top5_acc,1,1.0
check2hgi_design_k_resln_mae_l0_1,california,cat,poi,L1,ndcg_5,1,0.9956932663917542
check2hgi_design_k_resln_mae_l0_1,california,cat,poi,L1,train_acc,1,0.990772008895874
check2hgi_design_k_resln_mae_l0_1,california,cat,poi,L1,test_class_coverage,1,1.0
check2hgi_design_k_resln_mae_l0_1,california,cat,poi,L0,knn10_acc,2,0.9855
check2hgi_design_k_resln_mae_l0_1,california,cat,poi,L0,knn10_macro_f1,2,0.9845195144169663
check2hgi_design_k_resln_mae_l0_1,california,cat,poi,L0,silhouette,2,0.5800731182098389
check2hgi_design_k_resln_mae_l0_1,california,cat,poi,L0,cohesion,2,0.8738895058631897
check2hgi_design_k_resln_mae_l0_1,california,cat,poi,L0,centroid_inter_sim,2,0.380210280418396
check2hgi_design_k_resln_mae_l0_1,california,cat,poi,L0,sep_ratio,2,2.298437340782929
check2hgi_design_k_resln_mae_l0_1,california,cat,poi,L1,accuracy,2,0.9892500042915344
check2hgi_design_k_resln_mae_l0_1,california,cat,poi,L1,accuracy_macro,2,0.9873841404914856
check2hgi_design_k_resln_mae_l0_1,california,cat,poi,L1,f1,2,0.9882417917251587
check2hgi_design_k_resln_mae_l0_1,california,cat,poi,L1,f1_weighted,2,0.9892436265945435
check2hgi_design_k_resln_mae_l0_1,california,cat,poi,L1,mrr,2,0.9946250319480896
check2hgi_design_k_resln_mae_l0_1,california,cat,poi,L1,top3_acc,2,1.0
check2hgi_design_k_resln_mae_l0_1,california,cat,poi,L1,ndcg_3,2,0.9960325360298157
check2hgi_design_k_resln_mae_l0_1,california,cat,poi,L1,top5_acc,2,1.0
check2hgi_design_k_resln_mae_l0_1,california,cat,poi,L1,ndcg_5,2,0.9960325360298157
check2hgi_design_k_resln_mae_l0_1,california,cat,poi,L1,train_acc,2,0.990367591381073
check2hgi_design_k_resln_mae_l0_1,california,cat,poi,L1,test_class_coverage,2,1.0
check2hgi_design_k_resln_mae_l0_1,california,cat,poi,L0,knn10_acc,3,0.985625
check2hgi_design_k_resln_mae_l0_1,california,cat,poi,L0,knn10_macro_f1,3,0.9853657775530013
check2hgi_design_k_resln_mae_l0_1,california,cat,poi,L0,silhouette,3,0.5766805410385132
check2hgi_design_k_resln_mae_l0_1,california,cat,poi,L0,cohesion,3,0.8729089498519897
check2hgi_design_k_resln_mae_l0_1,california,cat,poi,L0,centroid_inter_sim,3,0.38340654969215393
check2hgi_design_k_resln_mae_l0_1,california,cat,poi,L0,sep_ratio,3,2.2767189307351914
check2hgi_design_k_resln_mae_l0_1,california,cat,poi,L1,accuracy,3,0.9886249899864197
check2hgi_design_k_resln_mae_l0_1,california,cat,poi,L1,accuracy_macro,3,0.9868924617767334
check2hgi_design_k_resln_mae_l0_1,california,cat,poi,L1,f1,3,0.9872167110443115
check2hgi_design_k_resln_mae_l0_1,california,cat,poi,L1,f1_weighted,3,0.9886243343353271
check2hgi_design_k_resln_mae_l0_1,california,cat,poi,L1,mrr,3,0.9942917227745056
check2hgi_design_k_resln_mae_l0_1,california,cat,poi,L1,top3_acc,3,1.0
check2hgi_design_k_resln_mae_l0_1,california,cat,poi,L1,ndcg_3,3,0.9957855343818665
check2hgi_design_k_resln_mae_l0_1,california,cat,poi,L1,top5_acc,3,1.0
check2hgi_design_k_resln_mae_l0_1,california,cat,poi,L1,ndcg_5,3,0.9957855343818665
check2hgi_design_k_resln_mae_l0_1,california,cat,poi,L1,train_acc,3,0.9910293817520142
check2hgi_design_k_resln_mae_l0_1,california,cat,poi,L1,test_class_coverage,3,1.0
check2hgi_design_k_resln_mae_l0_1,california,cat,poi,L0,knn10_acc,4,0.985625
check2hgi_design_k_resln_mae_l0_1,california,cat,poi,L0,knn10_macro_f1,4,0.9866535643304468
check2hgi_design_k_resln_mae_l0_1,california,cat,poi,L0,silhouette,4,0.5809339880943298
check2hgi_design_k_resln_mae_l0_1,california,cat,poi,L0,cohesion,4,0.874570906162262
check2hgi_design_k_resln_mae_l0_1,california,cat,poi,L0,centroid_inter_sim,4,0.3818284571170807
check2hgi_design_k_resln_mae_l0_1,california,cat,poi,L0,sep_ratio,4,2.290481209194135
check2hgi_design_k_resln_mae_l0_1,california,cat,poi,L1,accuracy,4,0.9883750081062317
check2hgi_design_k_resln_mae_l0_1,california,cat,poi,L1,accuracy_macro,4,0.9904749393463135
check2hgi_design_k_resln_mae_l0_1,california,cat,poi,L1,f1,4,0.9894771575927734
check2hgi_design_k_resln_mae_l0_1,california,cat,poi,L1,f1_weighted,4,0.9883750081062317
check2hgi_design_k_resln_mae_l0_1,california,cat,poi,L1,mrr,4,0.9941667318344116
check2hgi_design_k_resln_mae_l0_1,california,cat,poi,L1,top3_acc,4,1.0
check2hgi_design_k_resln_mae_l0_1,california,cat,poi,L1,ndcg_3,4,0.9956932067871094
check2hgi_design_k_resln_mae_l0_1,california,cat,poi,L1,top5_acc,4,1.0
check2hgi_design_k_resln_mae_l0_1,california,cat,poi,L1,ndcg_5,4,0.9956932067871094
check2hgi_design_k_resln_mae_l0_1,california,cat,poi,L1,train_acc,4,0.9901469945907593
check2hgi_design_k_resln_mae_l0_1,california,cat,poi,L1,test_class_coverage,4,1.0
check2hgi_design_k_resln_mae_l0_1,texas,cat,poi,L0,n_eval,-1,40000.0
check2hgi_design_k_resln_mae_l0_1,texas,cat,poi,L0,label_coverage,-1,1.0
check2hgi_design_k_resln_mae_l0_1,texas,cat,poi,L0,knn10_acc,0,0.98825
check2hgi_design_k_resln_mae_l0_1,texas,cat,poi,L0,knn10_macro_f1,0,0.9882227680845398
check2hgi_design_k_resln_mae_l0_1,texas,cat,poi,L0,silhouette,0,0.6148595213890076
check2hgi_design_k_resln_mae_l0_1,texas,cat,poi,L0,cohesion,0,0.8834354877471924
check2hgi_design_k_resln_mae_l0_1,texas,cat,poi,L0,centroid_inter_sim,0,0.361441433429718
check2hgi_design_k_resln_mae_l0_1,texas,cat,poi,L0,sep_ratio,0,2.4442009300490883
check2hgi_design_k_resln_mae_l0_1,texas,cat,poi,L1,accuracy,0,0.9891250133514404
check2hgi_design_k_resln_mae_l0_1,texas,cat,poi,L1,accuracy_macro,0,0.9898977279663086
check2hgi_design_k_resln_mae_l0_1,texas,cat,poi,L1,f1,0,0.9876641035079956
check2hgi_design_k_resln_mae_l0_1,texas,cat,poi,L1,f1_weighted,0,0.989129900932312
check2hgi_design_k_resln_mae_l0_1,texas,cat,poi,L1,mrr,0,0.9945000410079956
check2hgi_design_k_resln_mae_l0_1,texas,cat,poi,L1,top3_acc,0,1.0
check2hgi_design_k_resln_mae_l0_1,texas,cat,poi,L1,ndcg_3,0,0.9959372878074646
check2hgi_design_k_resln_mae_l0_1,texas,cat,poi,L1,top5_acc,0,1.0
check2hgi_design_k_resln_mae_l0_1,texas,cat,poi,L1,ndcg_5,0,0.9959372878074646
check2hgi_design_k_resln_mae_l0_1,texas,cat,poi,L1,train_acc,0,0.9915808439254761
check2hgi_design_k_resln_mae_l0_1,texas,cat,poi,L1,test_class_coverage,0,1.0
check2hgi_design_k_resln_mae_l0_1,texas,cat,poi,L0,knn10_acc,1,0.987
check2hgi_design_k_resln_mae_l0_1,texas,cat,poi,L0,knn10_macro_f1,1,0.9874316996301061
check2hgi_design_k_resln_mae_l0_1,texas,cat,poi,L0,silhouette,1,0.6178593039512634
check2hgi_design_k_resln_mae_l0_1,texas,cat,poi,L0,cohesion,1,0.8859891295433044
check2hgi_design_k_resln_mae_l0_1,texas,cat,poi,L0,centroid_inter_sim,1,0.36758607625961304
check2hgi_design_k_resln_mae_l0_1,texas,cat,poi,L0,sep_ratio,1,2.410290233402534
check2hgi_design_k_resln_mae_l0_1,texas,cat,poi,L1,accuracy,1,0.9891250133514404
check2hgi_design_k_resln_mae_l0_1,texas,cat,poi,L1,accuracy_macro,1,0.9903539419174194
check2hgi_design_k_resln_mae_l0_1,texas,cat,poi,L1,f1,1,0.9888737201690674
check2hgi_design_k_resln_mae_l0_1,texas,cat,poi,L1,f1_weighted,1,0.9891287684440613
check2hgi_design_k_resln_mae_l0_1,texas,cat,poi,L1,mrr,1,0.994520902633667
check2hgi_design_k_resln_mae_l0_1,texas,cat,poi,L1,top3_acc,1,1.0
check2hgi_design_k_resln_mae_l0_1,texas,cat,poi,L1,ndcg_3,1,0.9959536790847778
check2hgi_design_k_resln_mae_l0_1,texas,cat,poi,L1,top5_acc,1,1.0
check2hgi_design_k_resln_mae_l0_1,texas,cat,poi,L1,ndcg_5,1,0.9959536790847778
check2hgi_design_k_resln_mae_l0_1,texas,cat,poi,L1,train_acc,1,0.9913602471351624
check2hgi_design_k_resln_mae_l0_1,texas,cat,poi,L1,test_class_coverage,1,1.0
check2hgi_design_k_resln_mae_l0_1,texas,cat,poi,L0,knn10_acc,2,0.989125
check2hgi_design_k_resln_mae_l0_1,texas,cat,poi,L0,knn10_macro_f1,2,0.9884081300359958
check2hgi_design_k_resln_mae_l0_1,texas,cat,poi,L0,silhouette,2,0.6171164512634277
check2hgi_design_k_resln_mae_l0_1,texas,cat,poi,L0,cohesion,2,0.884171724319458
check2hgi_design_k_resln_mae_l0_1,texas,cat,poi,L0,centroid_inter_sim,2,0.36456820368766785
check2hgi_design_k_resln_mae_l0_1,texas,cat,poi,L0,sep_ratio,2,2.425257374000021
check2hgi_design_k_resln_mae_l0_1,texas,cat,poi,L1,accuracy,2,0.9906250238418579
check2hgi_design_k_resln_mae_l0_1,texas,cat,poi,L1,accuracy_macro,2,0.9905853867530823
check2hgi_design_k_resln_mae_l0_1,texas,cat,poi,L1,f1,2,0.9906965494155884
check2hgi_design_k_resln_mae_l0_1,texas,cat,poi,L1,f1_weighted,2,0.9906244277954102
check2hgi_design_k_resln_mae_l0_1,texas,cat,poi,L1,mrr,2,0.9953125715255737
check2hgi_design_k_resln_mae_l0_1,texas,cat,poi,L1,top3_acc,2,1.0
check2hgi_design_k_resln_mae_l0_1,texas,cat,poi,L1,ndcg_3,2,0.9965400099754333
check2hgi_design_k_resln_mae_l0_1,texas,cat,poi,L1,top5_acc,2,1.0
check2hgi_design_k_resln_mae_l0_1,texas,cat,poi,L1,ndcg_5,2,0.9965400099754333
check2hgi_design_k_resln_mae_l0_1,texas,cat,poi,L1,train_acc,2,0.9914337992668152
check2hgi_design_k_resln_mae_l0_1,texas,cat,poi,L1,test_class_coverage,2,1.0
check2hgi_design_k_resln_mae_l0_1,texas,cat,poi,L0,knn10_acc,3,0.986875
check2hgi_design_k_resln_mae_l0_1,texas,cat,poi,L0,knn10_macro_f1,3,0.986059147862303
check2hgi_design_k_resln_mae_l0_1,texas,cat,poi,L0,silhouette,3,0.6105160713195801
check2hgi_design_k_resln_mae_l0_1,texas,cat,poi,L0,cohesion,3,0.883036196231842
check2hgi_design_k_resln_mae_l0_1,texas,cat,poi,L0,centroid_inter_sim,3,0.36608749628067017
check2hgi_design_k_resln_mae_l0_1,texas,cat,poi,L0,sep_ratio,3,2.412090566335104
check2hgi_design_k_resln_mae_l0_1,texas,cat,poi,L1,accuracy,3,0.9906250238418579
check2hgi_design_k_resln_mae_l0_1,texas,cat,poi,L1,accuracy_macro,3,0.9891839623451233
check2hgi_design_k_resln_mae_l0_1,texas,cat,poi,L1,f1,3,0.9891835451126099
check2hgi_design_k_resln_mae_l0_1,texas,cat,poi,L1,f1_weighted,3,0.990625262260437
check2hgi_design_k_resln_mae_l0_1,texas,cat,poi,L1,mrr,3,0.9952916502952576
check2hgi_design_k_resln_mae_l0_1,texas,cat,poi,L1,top3_acc,3,1.0
check2hgi_design_k_resln_mae_l0_1,texas,cat,poi,L1,ndcg_3,3,0.9965236186981201
check2hgi_design_k_resln_mae_l0_1,texas,cat,poi,L1,top5_acc,3,1.0
check2hgi_design_k_resln_mae_l0_1,texas,cat,poi,L1,ndcg_5,3,0.9965236186981201
check2hgi_design_k_resln_mae_l0_1,texas,cat,poi,L1,train_acc,3,0.9910293817520142
check2hgi_design_k_resln_mae_l0_1,texas,cat,poi,L1,test_class_coverage,3,1.0
check2hgi_design_k_resln_mae_l0_1,texas,cat,poi,L0,knn10_acc,4,0.989625
check2hgi_design_k_resln_mae_l0_1,texas,cat,poi,L0,knn10_macro_f1,4,0.9884593916973553
check2hgi_design_k_resln_mae_l0_1,texas,cat,poi,L0,silhouette,4,0.6193597316741943
check2hgi_design_k_resln_mae_l0_1,texas,cat,poi,L0,cohesion,4,0.8852372765541077
check2hgi_design_k_resln_mae_l0_1,texas,cat,poi,L0,centroid_inter_sim,4,0.3634026050567627
check2hgi_design_k_resln_mae_l0_1,texas,cat,poi,L0,sep_ratio,4,2.435968438959967
check2hgi_design_k_resln_mae_l0_1,texas,cat,poi,L1,accuracy,4,0.9909999966621399
check2hgi_design_k_resln_mae_l0_1,texas,cat,poi,L1,accuracy_macro,4,0.9905897974967957
check2hgi_design_k_resln_mae_l0_1,texas,cat,poi,L1,f1,4,0.9907490611076355
check2hgi_design_k_resln_mae_l0_1,texas,cat,poi,L1,f1_weighted,4,0.9910001754760742
check2hgi_design_k_resln_mae_l0_1,texas,cat,poi,L1,mrr,4,0.995479166507721
check2hgi_design_k_resln_mae_l0_1,texas,cat,poi,L1,top3_acc,4,1.0
check2hgi_design_k_resln_mae_l0_1,texas,cat,poi,L1,ndcg_3,4,0.9966620206832886
check2hgi_design_k_resln_mae_l0_1,texas,cat,poi,L1,top5_acc,4,1.0
check2hgi_design_k_resln_mae_l0_1,texas,cat,poi,L1,ndcg_5,4,0.9966620206832886
check2hgi_design_k_resln_mae_l0_1,texas,cat,poi,L1,train_acc,4,0.9912867546081543
check2hgi_design_k_resln_mae_l0_1,texas,cat,poi,L1,test_class_coverage,4,1.0
check2hgi_v18,alabama,cat,poi,L0,n_eval,-1,11848.0
check2hgi_v18,alabama,cat,poi,L0,label_coverage,-1,1.0
check2hgi_v18,alabama,cat,poi,L0,knn10_acc,0,0.9713080168776371
check2hgi_v18,alabama,cat,poi,L0,knn10_macro_f1,0,0.9601828110637429
check2hgi_v18,alabama,cat,poi,L0,silhouette,0,0.46794742345809937
check2hgi_v18,alabama,cat,poi,L0,cohesion,0,0.8492751717567444
check2hgi_v18,alabama,cat,poi,L0,centroid_inter_sim,0,0.530924916267395
check2hgi_v18,alabama,cat,poi,L0,sep_ratio,0,1.5996144572145403
check2hgi_v18,alabama,cat,poi,L1,accuracy,0,0.9936708807945251
check2hgi_v18,alabama,cat,poi,L1,accuracy_macro,0,0.9858434200286865
check2hgi_v18,alabama,cat,poi,L1,f1,0,0.9877658486366272
check2hgi_v18,alabama,cat,poi,L1,f1_weighted,0,0.9936670064926147
check2hgi_v18,alabama,cat,poi,L1,mrr,0,0.9967650771141052
check2hgi_v18,alabama,cat,poi,L1,top3_acc,0,1.0
check2hgi_v18,alabama,cat,poi,L1,ndcg_3,0,0.9976089000701904
check2hgi_v18,alabama,cat,poi,L1,top5_acc,0,1.0
check2hgi_v18,alabama,cat,poi,L1,ndcg_5,0,0.9976089000701904
check2hgi_v18,alabama,cat,poi,L1,train_acc,0,0.9983862638473511
check2hgi_v18,alabama,cat,poi,L1,test_class_coverage,0,1.0
check2hgi_v18,alabama,cat,poi,L0,knn10_acc,1,0.970042194092827
check2hgi_v18,alabama,cat,poi,L0,knn10_macro_f1,1,0.9627955653244722
check2hgi_v18,alabama,cat,poi,L0,silhouette,1,0.45604515075683594
check2hgi_v18,alabama,cat,poi,L0,cohesion,1,0.846022367477417
check2hgi_v18,alabama,cat,poi,L0,centroid_inter_sim,1,0.5291174650192261
check2hgi_v18,alabama,cat,poi,L0,sep_ratio,1,1.5989310945286521
check2hgi_v18,alabama,cat,poi,L1,accuracy,1,0.9936708807945251
check2hgi_v18,alabama,cat,poi,L1,accuracy_macro,1,0.9884078502655029
check2hgi_v18,alabama,cat,poi,L1,f1,1,0.9873154163360596
check2hgi_v18,alabama,cat,poi,L1,f1_weighted,1,0.9936831593513489
check2hgi_v18,alabama,cat,poi,L1,mrr,1,0.996835470199585
check2hgi_v18,alabama,cat,poi,L1,top3_acc,1,1.0
check2hgi_v18,alabama,cat,poi,L1,ndcg_3,1,0.9976640939712524
check2hgi_v18,alabama,cat,poi,L1,top5_acc,1,1.0
check2hgi_v18,alabama,cat,poi,L1,ndcg_5,1,0.9976640939712524
check2hgi_v18,alabama,cat,poi,L1,train_acc,1,0.9990069270133972
check2hgi_v18,alabama,cat,poi,L1,test_class_coverage,1,1.0
check2hgi_v18,alabama,cat,poi,L0,knn10_acc,2,0.9729957805907173
check2hgi_v18,alabama,cat,poi,L0,knn10_macro_f1,2,0.9661076090713935
check2hgi_v18,alabama,cat,poi,L0,silhouette,2,0.460995078086853
check2hgi_v18,alabama,cat,poi,L0,cohesion,2,0.8482955694198608
check2hgi_v18,alabama,cat,poi,L0,centroid_inter_sim,2,0.5320662260055542
check2hgi_v18,alabama,cat,poi,L0,sep_ratio,2,1.5943420723927053
check2hgi_v18,alabama,cat,poi,L1,accuracy,2,0.9957805871963501
check2hgi_v18,alabama,cat,poi,L1,accuracy_macro,2,0.9957975149154663
check2hgi_v18,alabama,cat,poi,L1,f1,2,0.9947970509529114
check2hgi_v18,alabama,cat,poi,L1,f1_weighted,2,0.9957815408706665
check2hgi_v18,alabama,cat,poi,L1,mrr,2,0.997890293598175
check2hgi_v18,alabama,cat,poi,L1,top3_acc,2,1.0
check2hgi_v18,alabama,cat,poi,L1,ndcg_3,2,0.9984427690505981
check2hgi_v18,alabama,cat,poi,L1,top5_acc,2,1.0
check2hgi_v18,alabama,cat,poi,L1,ndcg_5,2,0.9984427690505981
check2hgi_v18,alabama,cat,poi,L1,train_acc,2,0.9982621669769287
check2hgi_v18,alabama,cat,poi,L1,test_class_coverage,2,1.0
check2hgi_v18,alabama,cat,poi,L0,knn10_acc,3,0.968763191219924
check2hgi_v18,alabama,cat,poi,L0,knn10_macro_f1,3,0.9626732369787234
check2hgi_v18,alabama,cat,poi,L0,silhouette,3,0.464023619890213
check2hgi_v18,alabama,cat,poi,L0,cohesion,3,0.8493800163269043
check2hgi_v18,alabama,cat,poi,L0,centroid_inter_sim,3,0.5317710638046265
check2hgi_v18,alabama,cat,poi,L0,sep_ratio,3,1.5972663315861952
check2hgi_v18,alabama,cat,poi,L1,accuracy,3,0.9940903186798096
check2hgi_v18,alabama,cat,poi,L1,accuracy_macro,3,0.9933996200561523
check2hgi_v18,alabama,cat,poi,L1,f1,3,0.993186354637146
check2hgi_v18,alabama,cat,poi,L1,f1_weighted,3,0.994087815284729
check2hgi_v18,alabama,cat,poi,L1,mrr,3,0.9969748854637146
check2hgi_v18,alabama,cat,poi,L1,top3_acc,3,1.0
check2hgi_v18,alabama,cat,poi,L1,ndcg_3,3,0.9977636933326721
check2hgi_v18,alabama,cat,poi,L1,top5_acc,3,1.0
check2hgi_v18,alabama,cat,poi,L1,ndcg_5,3,0.9977636933326721
check2hgi_v18,alabama,cat,poi,L1,train_acc,3,0.9981382489204407
check2hgi_v18,alabama,cat,poi,L1,test_class_coverage,3,1.0
check2hgi_v18,alabama,cat,poi,L0,knn10_acc,4,0.9721401435204727
check2hgi_v18,alabama,cat,poi,L0,knn10_macro_f1,4,0.9667273276781045
check2hgi_v18,alabama,cat,poi,L0,silhouette,4,0.46647703647613525
check2hgi_v18,alabama,cat,poi,L0,cohesion,4,0.8495171666145325
check2hgi_v18,alabama,cat,poi,L0,centroid_inter_sim,4,0.5345343351364136
check2hgi_v18,alabama,cat,poi,L0,sep_ratio,4,1.5892658539843563
check2hgi_v18,alabama,cat,poi,L1,accuracy,4,0.9966230392456055
check2hgi_v18,alabama,cat,poi,L1,accuracy_macro,4,0.9960101246833801
check2hgi_v18,alabama,cat,poi,L1,f1,4,0.9951643347740173
check2hgi_v18,alabama,cat,poi,L1,f1_weighted,4,0.9966201186180115
check2hgi_v18,alabama,cat,poi,L1,mrr,4,0.9983115196228027
check2hgi_v18,alabama,cat,poi,L1,top3_acc,4,1.0
check2hgi_v18,alabama,cat,poi,L1,ndcg_3,4,0.9987536668777466
check2hgi_v18,alabama,cat,poi,L1,top5_acc,4,1.0
check2hgi_v18,alabama,cat,poi,L1,ndcg_5,4,0.9987536668777466
check2hgi_v18,alabama,cat,poi,L1,train_acc,4,0.9988829493522644
check2hgi_v18,alabama,cat,poi,L1,test_class_coverage,4,1.0
check2hgi_v18,arizona,cat,poi,L0,n_eval,-1,20666.0
check2hgi_v18,arizona,cat,poi,L0,label_coverage,-1,1.0
check2hgi_v18,arizona,cat,poi,L0,knn10_acc,0,0.9741170778906628
check2hgi_v18,arizona,cat,poi,L0,knn10_macro_f1,0,0.9708318328375182
check2hgi_v18,arizona,cat,poi,L0,silhouette,0,0.4430845379829407
check2hgi_v18,arizona,cat,poi,L0,cohesion,0,0.8464824557304382
check2hgi_v18,arizona,cat,poi,L0,centroid_inter_sim,0,0.5106015801429749
check2hgi_v18,arizona,cat,poi,L0,sep_ratio,0,1.6578140151728722
check2hgi_v18,arizona,cat,poi,L1,accuracy,0,0.9966134428977966
check2hgi_v18,arizona,cat,poi,L1,accuracy_macro,0,0.9950449466705322
check2hgi_v18,arizona,cat,poi,L1,f1,0,0.9951576590538025
check2hgi_v18,arizona,cat,poi,L1,f1_weighted,0,0.9966131448745728
check2hgi_v18,arizona,cat,poi,L1,mrr,0,0.9983067512512207
check2hgi_v18,arizona,cat,poi,L1,top3_acc,0,1.0
check2hgi_v18,arizona,cat,poi,L1,ndcg_3,0,0.9987501502037048
check2hgi_v18,arizona,cat,poi,L1,top5_acc,0,1.0
check2hgi_v18,arizona,cat,poi,L1,ndcg_5,0,0.9987501502037048
check2hgi_v18,arizona,cat,poi,L1,train_acc,0,0.9992883801460266
check2hgi_v18,arizona,cat,poi,L1,test_class_coverage,0,1.0
check2hgi_v18,arizona,cat,poi,L0,knn10_acc,1,0.9825792402613114
check2hgi_v18,arizona,cat,poi,L0,knn10_macro_f1,1,0.9792742224819355
check2hgi_v18,arizona,cat,poi,L0,silhouette,1,0.45508965849876404
check2hgi_v18,arizona,cat,poi,L0,cohesion,1,0.8509261608123779
check2hgi_v18,arizona,cat,poi,L0,centroid_inter_sim,1,0.5104497075080872
check2hgi_v18,arizona,cat,poi,L0,sep_ratio,1,1.667012730728025
check2hgi_v18,arizona,cat,poi,L1,accuracy,1,0.9978224039077759
check2hgi_v18,arizona,cat,poi,L1,accuracy_macro,1,0.9976701140403748
check2hgi_v18,arizona,cat,poi,L1,f1,1,0.9981655478477478
check2hgi_v18,arizona,cat,poi,L1,f1_weighted,1,0.9978216886520386
check2hgi_v18,arizona,cat,poi,L1,mrr,1,0.9989112019538879
check2hgi_v18,arizona,cat,poi,L1,top3_acc,1,1.0
check2hgi_v18,arizona,cat,poi,L1,ndcg_3,1,0.9991962909698486
check2hgi_v18,arizona,cat,poi,L1,top5_acc,1,1.0
check2hgi_v18,arizona,cat,poi,L1,ndcg_5,1,0.9991962909698486
check2hgi_v18,arizona,cat,poi,L1,train_acc,1,0.9987903237342834
check2hgi_v18,arizona,cat,poi,L1,test_class_coverage,1,1.0
check2hgi_v18,arizona,cat,poi,L0,knn10_acc,2,0.9745947253810792
check2hgi_v18,arizona,cat,poi,L0,knn10_macro_f1,2,0.9671317779102344
check2hgi_v18,arizona,cat,poi,L0,silhouette,2,0.4408178925514221
check2hgi_v18,arizona,cat,poi,L0,cohesion,2,0.8461240530014038
check2hgi_v18,arizona,cat,poi,L0,centroid_inter_sim,2,0.5117419362068176
check2hgi_v18,arizona,cat,poi,L0,sep_ratio,2,1.6534194154052044
check2hgi_v18,arizona,cat,poi,L1,accuracy,2,0.9970965385437012
check2hgi_v18,arizona,cat,poi,L1,accuracy_macro,2,0.9966787099838257
check2hgi_v18,arizona,cat,poi,L1,f1,2,0.9960623979568481
check2hgi_v18,arizona,cat,poi,L1,f1_weighted,2,0.9970983266830444
check2hgi_v18,arizona,cat,poi,L1,mrr,2,0.9985482692718506
check2hgi_v18,arizona,cat,poi,L1,top3_acc,2,1.0
check2hgi_v18,arizona,cat,poi,L1,ndcg_3,2,0.9989284873008728
check2hgi_v18,arizona,cat,poi,L1,top5_acc,2,1.0
check2hgi_v18,arizona,cat,poi,L1,ndcg_5,2,0.9989284873008728
check2hgi_v18,arizona,cat,poi,L1,train_acc,2,0.9986479878425598
check2hgi_v18,arizona,cat,poi,L1,test_class_coverage,2,1.0
check2hgi_v18,arizona,cat,poi,L0,knn10_acc,3,0.9745947253810792
check2hgi_v18,arizona,cat,poi,L0,knn10_macro_f1,3,0.9695590351152381
check2hgi_v18,arizona,cat,poi,L0,silhouette,3,0.43650946021080017
check2hgi_v18,arizona,cat,poi,L0,cohesion,3,0.845020592212677
check2hgi_v18,arizona,cat,poi,L0,centroid_inter_sim,3,0.5115838050842285
check2hgi_v18,arizona,cat,poi,L0,sep_ratio,3,1.6517735389875186
check2hgi_v18,arizona,cat,poi,L1,accuracy,3,0.9978224039077759
check2hgi_v18,arizona,cat,poi,L1,accuracy_macro,3,0.998357355594635
check2hgi_v18,arizona,cat,poi,L1,f1,3,0.9979171752929688
check2hgi_v18,arizona,cat,poi,L1,f1_weighted,3,0.9978232383728027
check2hgi_v18,arizona,cat,poi,L1,mrr,3,0.9989112019538879
check2hgi_v18,arizona,cat,poi,L1,top3_acc,3,1.0
check2hgi_v18,arizona,cat,poi,L1,ndcg_3,3,0.9991962909698486
check2hgi_v18,arizona,cat,poi,L1,top5_acc,3,1.0
check2hgi_v18,arizona,cat,poi,L1,ndcg_5,3,0.9991962909698486
check2hgi_v18,arizona,cat,poi,L1,train_acc,3,0.9989326596260071
check2hgi_v18,arizona,cat,poi,L1,test_class_coverage,3,1.0
check2hgi_v18,arizona,cat,poi,L0,knn10_acc,4,0.971691265424631
check2hgi_v18,arizona,cat,poi,L0,knn10_macro_f1,4,0.9646755713578293
check2hgi_v18,arizona,cat,poi,L0,silhouette,4,0.439502090215683
check2hgi_v18,arizona,cat,poi,L0,cohesion,4,0.844882607460022
check2hgi_v18,arizona,cat,poi,L0,centroid_inter_sim,4,0.5111643671989441
check2hgi_v18,arizona,cat,poi,L0,sep_ratio,4,1.6528589660695099
check2hgi_v18,arizona,cat,poi,L1,accuracy,4,0.9973384737968445
check2hgi_v18,arizona,cat,poi,L1,accuracy_macro,4,0.9968854188919067
check2hgi_v18,arizona,cat,poi,L1,f1,4,0.9965078830718994
check2hgi_v18,arizona,cat,poi,L1,f1_weighted,4,0.9973381757736206
check2hgi_v18,arizona,cat,poi,L1,mrr,4,0.9986692667007446
check2hgi_v18,arizona,cat,poi,L1,top3_acc,4,1.0
check2hgi_v18,arizona,cat,poi,L1,ndcg_3,4,0.9990176558494568
check2hgi_v18,arizona,cat,poi,L1,top5_acc,4,1.0
check2hgi_v18,arizona,cat,poi,L1,ndcg_5,4,0.9990176558494568
check2hgi_v18,arizona,cat,poi,L1,train_acc,4,0.9989326596260071
check2hgi_v18,arizona,cat,poi,L1,test_class_coverage,4,1.0
check2hgi_v18,florida,cat,poi,L0,n_eval,-1,40000.0
check2hgi_v18,florida,cat,poi,L0,label_coverage,-1,1.0
check2hgi_v18,florida,cat,poi,L0,knn10_acc,0,0.985625
check2hgi_v18,florida,cat,poi,L0,knn10_macro_f1,0,0.9823379150890909
check2hgi_v18,florida,cat,poi,L0,silhouette,0,0.5627308487892151
check2hgi_v18,florida,cat,poi,L0,cohesion,0,0.8803589344024658
check2hgi_v18,florida,cat,poi,L0,centroid_inter_sim,0,0.44902488589286804
check2hgi_v18,florida,cat,poi,L0,sep_ratio,0,1.9606016549659764
check2hgi_v18,florida,cat,poi,L1,accuracy,0,0.9986249804496765
check2hgi_v18,florida,cat,poi,L1,accuracy_macro,0,0.9984667301177979
check2hgi_v18,florida,cat,poi,L1,f1,0,0.9983781576156616
check2hgi_v18,florida,cat,poi,L1,f1_weighted,0,0.9986251592636108
check2hgi_v18,florida,cat,poi,L1,mrr,0,0.9993125200271606
check2hgi_v18,florida,cat,poi,L1,top3_acc,0,1.0
check2hgi_v18,florida,cat,poi,L1,ndcg_3,0,0.9994925856590271
check2hgi_v18,florida,cat,poi,L1,top5_acc,0,1.0
check2hgi_v18,florida,cat,poi,L1,ndcg_5,0,0.9994925856590271
check2hgi_v18,florida,cat,poi,L1,train_acc,0,0.9993382096290588
check2hgi_v18,florida,cat,poi,L1,test_class_coverage,0,1.0
check2hgi_v18,florida,cat,poi,L0,knn10_acc,1,0.98625
check2hgi_v18,florida,cat,poi,L0,knn10_macro_f1,1,0.9836838400291938
check2hgi_v18,florida,cat,poi,L0,silhouette,1,0.5617091059684753
check2hgi_v18,florida,cat,poi,L0,cohesion,1,0.880250871181488
check2hgi_v18,florida,cat,poi,L0,centroid_inter_sim,1,0.446529746055603
check2hgi_v18,florida,cat,poi,L0,sep_ratio,1,1.9713151899893293
check2hgi_v18,florida,cat,poi,L1,accuracy,1,0.9991250038146973
check2hgi_v18,florida,cat,poi,L1,accuracy_macro,1,0.9991200566291809
check2hgi_v18,florida,cat,poi,L1,f1,1,0.9989999532699585
check2hgi_v18,florida,cat,poi,L1,f1_weighted,1,0.9991252422332764
check2hgi_v18,florida,cat,poi,L1,mrr,1,0.9995625615119934
check2hgi_v18,florida,cat,poi,L1,top3_acc,1,1.0
check2hgi_v18,florida,cat,poi,L1,ndcg_3,1,0.9996771216392517
check2hgi_v18,florida,cat,poi,L1,top5_acc,1,1.0
check2hgi_v18,florida,cat,poi,L1,ndcg_5,1,0.9996771216392517
check2hgi_v18,florida,cat,poi,L1,train_acc,1,0.9994484782218933
check2hgi_v18,florida,cat,poi,L1,test_class_coverage,1,1.0
check2hgi_v18,florida,cat,poi,L0,knn10_acc,2,0.9815
check2hgi_v18,florida,cat,poi,L0,knn10_macro_f1,2,0.9772953044221753
check2hgi_v18,florida,cat,poi,L0,silhouette,2,0.5530444383621216
check2hgi_v18,florida,cat,poi,L0,cohesion,2,0.8782350420951843
check2hgi_v18,florida,cat,poi,L0,centroid_inter_sim,2,0.44631409645080566
check2hgi_v18,florida,cat,poi,L0,sep_ratio,2,1.9677510727963003
check2hgi_v18,florida,cat,poi,L1,accuracy,2,0.9982500076293945
check2hgi_v18,florida,cat,poi,L1,accuracy_macro,2,0.9990068078041077
check2hgi_v18,florida,cat,poi,L1,f1,2,0.9986279010772705
check2hgi_v18,florida,cat,poi,L1,f1_weighted,2,0.9982500076293945
check2hgi_v18,florida,cat,poi,L1,mrr,2,0.999125063419342
check2hgi_v18,florida,cat,poi,L1,top3_acc,2,1.0
check2hgi_v18,florida,cat,poi,L1,ndcg_3,2,0.9993541836738586
check2hgi_v18,florida,cat,poi,L1,top5_acc,2,1.0
check2hgi_v18,florida,cat,poi,L1,ndcg_5,2,0.9993541836738586
check2hgi_v18,florida,cat,poi,L1,train_acc,2,0.9995220303535461
check2hgi_v18,florida,cat,poi,L1,test_class_coverage,2,1.0
check2hgi_v18,florida,cat,poi,L0,knn10_acc,3,0.984
check2hgi_v18,florida,cat,poi,L0,knn10_macro_f1,3,0.9800387404851817
check2hgi_v18,florida,cat,poi,L0,silhouette,3,0.5640296339988708
check2hgi_v18,florida,cat,poi,L0,cohesion,3,0.8803438544273376
check2hgi_v18,florida,cat,poi,L0,centroid_inter_sim,3,0.44875943660736084
check2hgi_v18,florida,cat,poi,L0,sep_ratio,3,1.9617277824456956
check2hgi_v18,florida,cat,poi,L1,accuracy,3,0.9990000128746033
check2hgi_v18,florida,cat,poi,L1,accuracy_macro,3,0.9987024664878845
check2hgi_v18,florida,cat,poi,L1,f1,3,0.998834490776062
check2hgi_v18,florida,cat,poi,L1,f1_weighted,3,0.9989999532699585
check2hgi_v18,florida,cat,poi,L1,mrr,3,0.999500036239624
check2hgi_v18,florida,cat,poi,L1,top3_acc,3,1.0
check2hgi_v18,florida,cat,poi,L1,ndcg_3,3,0.9996310472488403
check2hgi_v18,florida,cat,poi,L1,top5_acc,3,1.0
check2hgi_v18,florida,cat,poi,L1,ndcg_5,3,0.9996310472488403
check2hgi_v18,florida,cat,poi,L1,train_acc,3,0.9995220303535461
check2hgi_v18,florida,cat,poi,L1,test_class_coverage,3,1.0
check2hgi_v18,florida,cat,poi,L0,knn10_acc,4,0.984125
check2hgi_v18,florida,cat,poi,L0,knn10_macro_f1,4,0.9811153296065483
check2hgi_v18,florida,cat,poi,L0,silhouette,4,0.5618159174919128
check2hgi_v18,florida,cat,poi,L0,cohesion,4,0.8802244067192078
check2hgi_v18,florida,cat,poi,L0,centroid_inter_sim,4,0.44676488637924194
check2hgi_v18,florida,cat,poi,L0,sep_ratio,4,1.9702184158940779
check2hgi_v18,florida,cat,poi,L1,accuracy,4,0.9987499713897705
check2hgi_v18,florida,cat,poi,L1,accuracy_macro,4,0.9981669187545776
check2hgi_v18,florida,cat,poi,L1,f1,4,0.9986631870269775
check2hgi_v18,florida,cat,poi,L1,f1_weighted,4,0.998749852180481
check2hgi_v18,florida,cat,poi,L1,mrr,4,0.99937504529953
check2hgi_v18,florida,cat,poi,L1,top3_acc,4,1.0
check2hgi_v18,florida,cat,poi,L1,ndcg_3,4,0.9995387196540833
check2hgi_v18,florida,cat,poi,L1,top5_acc,4,1.0
check2hgi_v18,florida,cat,poi,L1,ndcg_5,4,0.9995387196540833
check2hgi_v18,florida,cat,poi,L1,train_acc,4,0.999264657497406
check2hgi_v18,florida,cat,poi,L1,test_class_coverage,4,1.0
check2hgi_v18,california,cat,poi,L0,n_eval,-1,40000.0
check2hgi_v18,california,cat,poi,L0,label_coverage,-1,1.0
check2hgi_v18,california,cat,poi,L0,knn10_acc,0,0.986
check2hgi_v18,california,cat,poi,L0,knn10_macro_f1,0,0.9824447402651363
check2hgi_v18,california,cat,poi,L0,silhouette,0,0.5298442840576172
check2hgi_v18,california,cat,poi,L0,cohesion,0,0.8650722503662109
check2hgi_v18,california,cat,poi,L0,centroid_inter_sim,0,0.42375054955482483
check2hgi_v18,california,cat,poi,L0,sep_ratio,0,2.041465789896959
check2hgi_v18,california,cat,poi,L1,accuracy,0,0.9991250038146973
check2hgi_v18,california,cat,poi,L1,accuracy_macro,0,0.9989217519760132
check2hgi_v18,california,cat,poi,L1,f1,0,0.9990440607070923
check2hgi_v18,california,cat,poi,L1,f1_weighted,0,0.9991250038146973
check2hgi_v18,california,cat,poi,L1,mrr,0,0.9995625615119934
check2hgi_v18,california,cat,poi,L1,top3_acc,0,1.0
check2hgi_v18,california,cat,poi,L1,ndcg_3,0,0.9996770620346069
check2hgi_v18,california,cat,poi,L1,top5_acc,0,1.0
check2hgi_v18,california,cat,poi,L1,ndcg_5,0,0.9996770620346069
check2hgi_v18,california,cat,poi,L1,train_acc,0,0.9997793436050415
check2hgi_v18,california,cat,poi,L1,test_class_coverage,0,1.0
check2hgi_v18,california,cat,poi,L0,knn10_acc,1,0.986625
check2hgi_v18,california,cat,poi,L0,knn10_macro_f1,1,0.984141201116805
check2hgi_v18,california,cat,poi,L0,silhouette,1,0.5334095358848572
check2hgi_v18,california,cat,poi,L0,cohesion,1,0.8657541275024414
check2hgi_v18,california,cat,poi,L0,centroid_inter_sim,1,0.4231352210044861
check2hgi_v18,california,cat,poi,L0,sep_ratio,1,2.0460460026164133
check2hgi_v18,california,cat,poi,L1,accuracy,1,0.9986249804496765
check2hgi_v18,california,cat,poi,L1,accuracy_macro,1,0.9980652332305908
check2hgi_v18,california,cat,poi,L1,f1,1,0.9981970191001892
check2hgi_v18,california,cat,poi,L1,f1_weighted,1,0.9986244440078735
check2hgi_v18,california,cat,poi,L1,mrr,1,0.9993125200271606
check2hgi_v18,california,cat,poi,L1,top3_acc,1,1.0
check2hgi_v18,california,cat,poi,L1,ndcg_3,1,0.9994925856590271
check2hgi_v18,california,cat,poi,L1,top5_acc,1,1.0
check2hgi_v18,california,cat,poi,L1,ndcg_5,1,0.9994925856590271
check2hgi_v18,california,cat,poi,L1,train_acc,1,0.9998161196708679
check2hgi_v18,california,cat,poi,L1,test_class_coverage,1,1.0
check2hgi_v18,california,cat,poi,L0,knn10_acc,2,0.9835
check2hgi_v18,california,cat,poi,L0,knn10_macro_f1,2,0.9795012756035809
check2hgi_v18,california,cat,poi,L0,silhouette,2,0.5270244479179382
check2hgi_v18,california,cat,poi,L0,cohesion,2,0.8647997975349426
check2hgi_v18,california,cat,poi,L0,centroid_inter_sim,2,0.4263664484024048
check2hgi_v18,california,cat,poi,L0,sep_ratio,2,2.028301712705931
check2hgi_v18,california,cat,poi,L1,accuracy,2,0.9990000128746033
check2hgi_v18,california,cat,poi,L1,accuracy_macro,2,0.9987646341323853
check2hgi_v18,california,cat,poi,L1,f1,2,0.9988835453987122
check2hgi_v18,california,cat,poi,L1,f1_weighted,2,0.9989999532699585
check2hgi_v18,california,cat,poi,L1,mrr,2,0.999500036239624
check2hgi_v18,california,cat,poi,L1,top3_acc,2,1.0
check2hgi_v18,california,cat,poi,L1,ndcg_3,2,0.9996309280395508
check2hgi_v18,california,cat,poi,L1,top5_acc,2,1.0
check2hgi_v18,california,cat,poi,L1,ndcg_5,2,0.9996309280395508
check2hgi_v18,california,cat,poi,L1,train_acc,2,0.9997426271438599
check2hgi_v18,california,cat,poi,L1,test_class_coverage,2,1.0
check2hgi_v18,california,cat,poi,L0,knn10_acc,3,0.983375
check2hgi_v18,california,cat,poi,L0,knn10_macro_f1,3,0.9783556286543592
check2hgi_v18,california,cat,poi,L0,silhouette,3,0.5286222100257874
check2hgi_v18,california,cat,poi,L0,cohesion,3,0.8642449378967285
check2hgi_v18,california,cat,poi,L0,centroid_inter_sim,3,0.42547011375427246
check2hgi_v18,california,cat,poi,L0,sep_ratio,3,2.031270610926782
check2hgi_v18,california,cat,poi,L1,accuracy,3,0.9993749856948853
check2hgi_v18,california,cat,poi,L1,accuracy_macro,3,0.9994447231292725
check2hgi_v18,california,cat,poi,L1,f1,3,0.9993879795074463
check2hgi_v18,california,cat,poi,L1,f1_weighted,3,0.9993751645088196
check2hgi_v18,california,cat,poi,L1,mrr,3,0.9996875524520874
check2hgi_v18,california,cat,poi,L1,top3_acc,3,1.0
check2hgi_v18,california,cat,poi,L1,ndcg_3,3,0.9997693300247192
check2hgi_v18,california,cat,poi,L1,top5_acc,3,1.0
check2hgi_v18,california,cat,poi,L1,ndcg_5,3,0.9997693300247192
check2hgi_v18,california,cat,poi,L1,train_acc,3,0.9998528957366943
check2hgi_v18,california,cat,poi,L1,test_class_coverage,3,1.0
check2hgi_v18,california,cat,poi,L0,knn10_acc,4,0.9855
check2hgi_v18,california,cat,poi,L0,knn10_macro_f1,4,0.9826204845391038
check2hgi_v18,california,cat,poi,L0,silhouette,4,0.5350556373596191
check2hgi_v18,california,cat,poi,L0,cohesion,4,0.8667648434638977
check2hgi_v18,california,cat,poi,L0,centroid_inter_sim,4,0.42449310421943665
check2hgi_v18,california,cat,poi,L0,sep_ratio,4,2.041882034945458
check2hgi_v18,california,cat,poi,L1,accuracy,4,0.9992499947547913
check2hgi_v18,california,cat,poi,L1,accuracy_macro,4,0.9986971616744995
check2hgi_v18,california,cat,poi,L1,f1,4,0.9983958005905151
check2hgi_v18,california,cat,poi,L1,f1_weighted,4,0.9992502927780151
check2hgi_v18,california,cat,poi,L1,mrr,4,0.999625027179718
check2hgi_v18,california,cat,poi,L1,top3_acc,4,1.0
check2hgi_v18,california,cat,poi,L1,ndcg_3,4,0.9997231960296631
check2hgi_v18,california,cat,poi,L1,top5_acc,4,1.0
check2hgi_v18,california,cat,poi,L1,ndcg_5,4,0.9997231960296631
check2hgi_v18,california,cat,poi,L1,train_acc,4,0.9997793436050415
check2hgi_v18,california,cat,poi,L1,test_class_coverage,4,1.0
check2hgi_v18,texas,cat,poi,L0,n_eval,-1,40000.0
check2hgi_v18,texas,cat,poi,L0,label_coverage,-1,1.0
check2hgi_v18,texas,cat,poi,L0,knn10_acc,0,0.983
check2hgi_v18,texas,cat,poi,L0,knn10_macro_f1,0,0.9791076473956367
check2hgi_v18,texas,cat,poi,L0,silhouette,0,0.567785382270813
check2hgi_v18,texas,cat,poi,L0,cohesion,0,0.8810197710990906
check2hgi_v18,texas,cat,poi,L0,centroid_inter_sim,0,0.43061205744743347
check2hgi_v18,texas,cat,poi,L0,sep_ratio,0,2.0459709751779074
check2hgi_v18,texas,cat,poi,L1,accuracy,0,0.9988750219345093
check2hgi_v18,texas,cat,poi,L1,accuracy_macro,0,0.9990271329879761
check2hgi_v18,texas,cat,poi,L1,f1,0,0.9985357522964478
check2hgi_v18,texas,cat,poi,L1,f1_weighted,0,0.9988754987716675
check2hgi_v18,texas,cat,poi,L1,mrr,0,0.9994375705718994
check2hgi_v18,texas,cat,poi,L1,top3_acc,0,1.0
check2hgi_v18,texas,cat,poi,L1,ndcg_3,0,0.9995848536491394
check2hgi_v18,texas,cat,poi,L1,top5_acc,0,1.0
check2hgi_v18,texas,cat,poi,L1,ndcg_5,0,0.9995848536491394
check2hgi_v18,texas,cat,poi,L1,train_acc,0,0.9998161196708679
check2hgi_v18,texas,cat,poi,L1,test_class_coverage,0,1.0
check2hgi_v18,texas,cat,poi,L0,knn10_acc,1,0.9855
check2hgi_v18,texas,cat,poi,L0,knn10_macro_f1,1,0.9838323321427485
check2hgi_v18,texas,cat,poi,L0,silhouette,1,0.5728331208229065
check2hgi_v18,texas,cat,poi,L0,cohesion,1,0.8833353519439697
check2hgi_v18,texas,cat,poi,L0,centroid_inter_sim,1,0.4350438714027405
check2hgi_v18,texas,cat,poi,L0,sep_ratio,1,2.0304512027620882
check2hgi_v18,texas,cat,poi,L1,accuracy,1,0.9992499947547913
check2hgi_v18,texas,cat,poi,L1,accuracy_macro,1,0.9991961717605591
check2hgi_v18,texas,cat,poi,L1,f1,1,0.9987460374832153
check2hgi_v18,texas,cat,poi,L1,f1_weighted,1,0.9992501735687256
check2hgi_v18,texas,cat,poi,L1,mrr,1,0.999625027179718
check2hgi_v18,texas,cat,poi,L1,top3_acc,1,1.0
check2hgi_v18,texas,cat,poi,L1,ndcg_3,1,0.9997231960296631
check2hgi_v18,texas,cat,poi,L1,top5_acc,1,1.0
check2hgi_v18,texas,cat,poi,L1,ndcg_5,1,0.9997231960296631
check2hgi_v18,texas,cat,poi,L1,train_acc,1,0.9997058510780334
check2hgi_v18,texas,cat,poi,L1,test_class_coverage,1,1.0
check2hgi_v18,texas,cat,poi,L0,knn10_acc,2,0.98925
check2hgi_v18,texas,cat,poi,L0,knn10_macro_f1,2,0.9880955162700991
check2hgi_v18,texas,cat,poi,L0,silhouette,2,0.5754548907279968
check2hgi_v18,texas,cat,poi,L0,cohesion,2,0.8826704025268555
check2hgi_v18,texas,cat,poi,L0,centroid_inter_sim,2,0.43370509147644043
check2hgi_v18,texas,cat,poi,L0,sep_ratio,2,2.0351857053880207
check2hgi_v18,texas,cat,poi,L1,accuracy,2,0.9987499713897705
check2hgi_v18,texas,cat,poi,L1,accuracy_macro,2,0.9984288811683655
check2hgi_v18,texas,cat,poi,L1,f1,2,0.9986587166786194
check2hgi_v18,texas,cat,poi,L1,f1_weighted,2,0.9987502694129944
check2hgi_v18,texas,cat,poi,L1,mrr,2,0.99937504529953
check2hgi_v18,texas,cat,poi,L1,top3_acc,2,1.0
check2hgi_v18,texas,cat,poi,L1,ndcg_3,2,0.9995387196540833
check2hgi_v18,texas,cat,poi,L1,top5_acc,2,1.0
check2hgi_v18,texas,cat,poi,L1,ndcg_5,2,0.9995387196540833
check2hgi_v18,texas,cat,poi,L1,train_acc,2,0.9998161196708679
check2hgi_v18,texas,cat,poi,L1,test_class_coverage,2,1.0
check2hgi_v18,texas,cat,poi,L0,knn10_acc,3,0.98625
check2hgi_v18,texas,cat,poi,L0,knn10_macro_f1,3,0.9852186668431873
check2hgi_v18,texas,cat,poi,L0,silhouette,3,0.5686585307121277
check2hgi_v18,texas,cat,poi,L0,cohesion,3,0.8810827136039734
check2hgi_v18,texas,cat,poi,L0,centroid_inter_sim,3,0.43374451994895935
check2hgi_v18,texas,cat,poi,L0,sep_ratio,3,2.0313402777000027
check2hgi_v18,texas,cat,poi,L1,accuracy,3,0.9993749856948853
check2hgi_v18,texas,cat,poi,L1,accuracy_macro,3,0.9989980459213257
check2hgi_v18,texas,cat,poi,L1,f1,3,0.9991461634635925
check2hgi_v18,texas,cat,poi,L1,f1_weighted,3,0.9993751049041748
check2hgi_v18,texas,cat,poi,L1,mrr,3,0.9996875524520874
check2hgi_v18,texas,cat,poi,L1,top3_acc,3,1.0
check2hgi_v18,texas,cat,poi,L1,ndcg_3,3,0.9997693300247192
check2hgi_v18,texas,cat,poi,L1,top5_acc,3,1.0
check2hgi_v18,texas,cat,poi,L1,ndcg_5,3,0.9997693300247192
check2hgi_v18,texas,cat,poi,L1,train_acc,3,0.999669075012207
check2hgi_v18,texas,cat,poi,L1,test_class_coverage,3,1.0
check2hgi_v18,texas,cat,poi,L0,knn10_acc,4,0.98575
check2hgi_v18,texas,cat,poi,L0,knn10_macro_f1,4,0.9827001162770108
check2hgi_v18,texas,cat,poi,L0,silhouette,4,0.5779174566268921
check2hgi_v18,texas,cat,poi,L0,cohesion,4,0.883985161781311
check2hgi_v18,texas,cat,poi,L0,centroid_inter_sim,4,0.4314572513103485
check2hgi_v18,texas,cat,poi,L0,sep_ratio,4,2.048836029749464
check2hgi_v18,texas,cat,poi,L1,accuracy,4,0.9990000128746033
check2hgi_v18,texas,cat,poi,L1,accuracy_macro,4,0.9982038736343384
check2hgi_v18,texas,cat,poi,L1,f1,4,0.9984592795372009
check2hgi_v18,texas,cat,poi,L1,f1_weighted,4,0.9989997148513794
check2hgi_v18,texas,cat,poi,L1,mrr,4,0.999500036239624
check2hgi_v18,texas,cat,poi,L1,top3_acc,4,1.0
check2hgi_v18,texas,cat,poi,L1,ndcg_3,4,0.9996309280395508
check2hgi_v18,texas,cat,poi,L1,top5_acc,4,1.0
check2hgi_v18,texas,cat,poi,L1,ndcg_5,4,0.9996309280395508
check2hgi_v18,texas,cat,poi,L1,train_acc,4,0.9998161196708679
check2hgi_v18,texas,cat,poi,L1,test_class_coverage,4,1.0
hgi,alabama,-,poi,L0,cka_vs_hgi,-1,1.0
check2hgi_design_k_resln_mae_l0_1,alabama,-,poi,L0,cka_vs_hgi,-1,0.13371780514717102
check2hgi_v18,alabama,-,poi,L0,cka_vs_hgi,-1,0.13333933055400848
hgi,arizona,-,poi,L0,cka_vs_hgi,-1,1.0000001192092896
check2hgi_design_k_resln_mae_l0_1,arizona,-,poi,L0,cka_vs_hgi,-1,0.12747538089752197
check2hgi_v18,arizona,-,poi,L0,cka_vs_hgi,-1,0.12864600121974945
hgi,florida,-,poi,L0,cka_vs_hgi,-1,1.0
check2hgi_design_k_resln_mae_l0_1,florida,-,poi,L0,cka_vs_hgi,-1,0.19110798835754395
check2hgi_v18,florida,-,poi,L0,cka_vs_hgi,-1,0.19765883684158325
hgi,california,-,poi,L0,cka_vs_hgi,-1,0.9999998807907104
check2hgi_design_k_resln_mae_l0_1,california,-,poi,L0,cka_vs_hgi,-1,0.21136218309402466
check2hgi_v18,california,-,poi,L0,cka_vs_hgi,-1,0.2058659940958023
hgi,texas,-,poi,L0,cka_vs_hgi,-1,1.0
check2hgi_design_k_resln_mae_l0_1,texas,-,poi,L0,cka_vs_hgi,-1,0.20218120515346527
check2hgi_v18,texas,-,poi,L0,cka_vs_hgi,-1,0.19118469953536987
