step,rc,wall_s,swap_used_start_MB,swap_used_peak_MB,swap_used_end_MB,swap_total_max_MB,max_pressure,min_free_pct,max_wired_GB,max_child_rss_GB
florida_f0_cat_full,0,2964,3397,3397,2871,5120,2,31,10.2,10.3
florida_f0_cat_to,0,2906,2871,2871,2815,4096,2,39,9.1,13.3
florida_f0_reg_full,0,1963,2815,2815,2807,4096,1,46,8.0,13.1
florida_f0_reg_to,0,1964,2799,2799,2775,4096,2,38,7.8,11.8
florida_f0_regbuild,0,1243,2807,2807,2799,4096,1,80,4.4,2.9
florida_f1_build,0,1020,2775,2775,2775,4096,1,82,3.2,9.3
florida_f1_cat_full,0,2902,2767,2878,2870,4096,2,31,9.1,13.3
florida_f1_cat_to,0,2910,2870,2870,2838,4096,2,38,9.3,11.9
florida_f1_infer,0,1314,2775,2775,2767,4096,1,82,3.4,9.6
florida_f1_mat,0,41,2767,2767,2767,4096,1,54,3.2,8.3
florida_f1_reg_full,0,1978,2838,2838,2830,4096,2,33,9.8,12.4
florida_f1_reg_to,0,1959,2830,2830,2830,4096,1,49,7.8,11.6
florida_f1_regbuild,0,1256,2830,2830,2830,4096,1,82,3.3,2.9
florida_f2_build,0,1019,2830,2830,2830,4096,1,82,3.2,9.3
florida_f2_cat_full,0,2925,2830,2830,2830,4096,2,30,11.0,8.5
florida_f2_cat_to,0,2920,2830,2830,2822,4096,2,32,9.4,13.2
florida_f2_infer,0,1322,2830,2830,2830,4096,1,82,3.1,9.6
florida_f2_mat,0,40,2830,2830,2830,4096,1,53,3.1,7.5
florida_f2_reg_full,0,1960,2822,2822,2814,4096,2,35,8.9,9.1
florida_f2_reg_to,0,1958,2814,2814,2814,4096,1,41,8.6,11.8
florida_f2_regbuild,0,1239,2814,2814,2814,4096,1,81,3.2,2.9
florida_f3_build,0,1014,2814,2814,2814,4096,1,81,3.2,9.3
florida_f3_cat_full,0,2936,2806,4715,4411,5120,2,30,10.5,10.3
florida_f3_cat_to,0,2901,4411,4411,4331,5120,2,36,9.3,11.1
florida_f3_infer,0,1319,2814,2814,2806,4096,1,81,3.3,9.6
florida_f3_mat,0,35,2806,2806,2806,4096,1,53,3.1,8.2
florida_f3_reg_full,0,1959,4331,4331,4283,5120,2,34,11.7,11.5
florida_f3_reg_to,0,1946,4267,4267,4243,5120,1,49,8.0,11.6
florida_f3_regbuild,0,1238,4283,4283,4267,5120,1,86,3.1,2.9
florida_f4_build,0,1011,4243,4243,4227,5120,1,84,4.0,9.3
florida_f4_cat_full,0,2872,4115,4115,3707,5120,2,34,9.4,13.3
florida_f4_cat_to,0,2907,3707,3805,3749,5120,2,29,10.1,9.9
florida_f4_infer,0,1310,4227,4227,4115,5120,1,86,3.3,9.6
florida_f4_mat,0,33,4115,4115,4115,5120,1,58,2.9,9.8
florida_f4_reg_full,0,1962,3749,3749,3613,4096,2,31,8.7,11.5
florida_f4_reg_to,0,1960,3597,3597,3581,4096,2,42,7.6,11.0
florida_f4_regbuild,0,1238,3613,3613,3597,4096,1,79,3.0,2.8
