2026/08/10 22:12:58.117, 0 %, 0 MiB
2026/08/10 22:13:00.119, 0 %, 3 MiB
2026/08/10 22:13:02.120, 0 %, 3 MiB
2026/08/10 22:13:04.121, 0 %, 3 MiB
2026/08/10 22:13:06.121, 0 %, 3 MiB
2026/08/10 22:13:08.122, 0 %, 3 MiB
2026/08/10 22:13:10.122, 0 %, 3 MiB
2026/08/10 22:13:12.122, 0 %, 3 MiB
2026/08/10 22:13:14.123, 0 %, 3 MiB
2026/08/10 22:13:16.123, 0 %, 3 MiB
2026/08/10 22:13:18.123, 0 %, 3 MiB
2026/08/10 22:13:20.124, 0 %, 3 MiB
2026/08/10 22:13:22.124, 0 %, 3 MiB
2026/08/10 22:13:24.125, 0 %, 3 MiB
2026/08/10 22:13:26.125, 0 %, 3 MiB
2026/08/10 22:13:28.125, 88 %, 8967 MiB
2026/08/10 22:13:30.126, 100 %, 9639 MiB
2026/08/10 22:13:32.126, 99 %, 9639 MiB
2026/08/10 22:13:34.126, 100 %, 9639 MiB
2026/08/10 22:13:36.127, 99 %, 9639 MiB
2026/08/10 22:13:38.127, 100 %, 9639 MiB
2026/08/10 22:13:40.128, 99 %, 9639 MiB
2026/08/10 22:13:42.128, 99 %, 9639 MiB
2026/08/10 22:13:44.128, 100 %, 9639 MiB
2026/08/10 22:13:46.129, 97 %, 9751 MiB
2026/08/10 22:13:48.129, 99 %, 9763 MiB
2026/08/10 22:13:50.129, 99 %, 9763 MiB
2026/08/10 22:13:52.130, 99 %, 9763 MiB
2026/08/10 22:13:54.130, 100 %, 9763 MiB
2026/08/10 22:13:56.130, 99 %, 9763 MiB
2026/08/10 22:13:58.131, 99 %, 9763 MiB
2026/08/10 22:14:00.131, 100 %, 9763 MiB
2026/08/10 22:14:02.131, 99 %, 9763 MiB
2026/08/10 22:14:04.132, 97 %, 9763 MiB
2026/08/10 22:14:06.132, 99 %, 9763 MiB
2026/08/10 22:14:08.132, 99 %, 9763 MiB
2026/08/10 22:14:10.133, 99 %, 9763 MiB
2026/08/10 22:14:12.133, 100 %, 9763 MiB
2026/08/10 22:14:14.134, 99 %, 9763 MiB
2026/08/10 22:14:16.134, 100 %, 9763 MiB
2026/08/10 22:14:18.134, 100 %, 9763 MiB
2026/08/10 22:14:20.135, 100 %, 9763 MiB
2026/08/10 22:14:22.135, 99 %, 9763 MiB
2026/08/10 22:14:24.135, 99 %, 9763 MiB
2026/08/10 22:14:26.136, 99 %, 9763 MiB
2026/08/10 22:14:28.136, 100 %, 9763 MiB
2026/08/10 22:14:30.136, 99 %, 9763 MiB
2026/08/10 22:14:32.137, 99 %, 9763 MiB
2026/08/10 22:14:34.137, 99 %, 9763 MiB
2026/08/10 22:14:36.137, 99 %, 9763 MiB
2026/08/10 22:14:38.138, 99 %, 9763 MiB
2026/08/10 22:14:40.138, 100 %, 9763 MiB
2026/08/10 22:14:42.138, 97 %, 9763 MiB
2026/08/10 22:14:44.139, 99 %, 9763 MiB
2026/08/10 22:14:46.139, 100 %, 9763 MiB
2026/08/10 22:14:48.140, 99 %, 9763 MiB
2026/08/10 22:14:50.140, 99 %, 9763 MiB
2026/08/10 22:14:52.140, 99 %, 9763 MiB
2026/08/10 22:14:54.141, 99 %, 9763 MiB
2026/08/10 22:14:56.141, 99 %, 9763 MiB
2026/08/10 22:14:58.141, 99 %, 9763 MiB
2026/08/10 22:15:00.142, 96 %, 9763 MiB
