state,fold,matched,f1best,june,n_val,matched_minus_june,rep_minus_f1best
alabama,0,17.1679298414795,17.16793030500412,18.530566976634574,19265,-1.362637135155076,-4.635246213524624e-07
alabama,1,15.241392427039349,15.241393446922299,17.901506468129984,19264,-2.660114041090635,-1.0198829496488315e-06
alabama,2,15.890084452001915,15.89008420705795,16.92532787334201,19265,-1.0352434213400947,2.449439655549668e-07
alabama,3,15.656886819817045,15.65688699483871,15.826745175037162,19267,-0.16985835522011783,-1.7502166471672354e-07
alabama,4,17.614086317228843,17.61408746242523,19.662843316610026,19265,-2.048756999381183,-1.1451963857211922e-06
arizona,0,17.54215336257713,17.542153596878048,18.10072050047616,40179,-0.5585671378990291,-2.3430091644627282e-07
arizona,1,18.01103997756214,18.01104098558426,18.918007824776353,40179,-0.9069678472142115,-1.0080221173325299e-06
arizona,2,17.376890783312028,17.376890778541558,19.77341092771113,40179,-2.3965201443991013,4.770470241055591e-09
arizona,3,16.158715961162297,16.15871638059616,19.07980260857163,40179,-2.921086647409332,-4.1943386364096114e-07
arizona,4,19.280484743009207,19.28048431873321,20.625790584100386,40179,-1.3453058410911787,4.242759992223455e-07
